Date,AAPL,F,WMT
2018-01-02,40.341888427734375,8.263114929199219,28.973360061645508
2018-01-03,40.334861755371094,8.328388214111328,29.22609519958496
2018-01-04,40.522220611572266,8.471979141235352,29.252544403076172
2018-01-05,40.98357391357422,8.615570068359375,29.425931930541992
2018-01-08,40.83135223388672,8.582937240600586,29.860862731933594
2018-01-09,40.826663970947266,8.537247657775879,29.502338409423828
2018-01-10,40.817298889160156,8.504615783691406,29.290739059448242
2018-01-11,41.04914474487305,8.589463233947754,29.393600463867188
2018-01-12,41.4730339050293,8.635152816772461,29.643396377563477
2018-01-16,41.26226806640625,8.55030345916748,29.590492248535156
2018-01-17,41.94376754760742,7.949821949005127,30.181196212768555
2018-01-18,41.981231689453125,7.878025531768799,30.65139389038086
2018-01-19,41.79389190673828,7.832336902618408,30.73662567138672
2018-01-22,41.45195770263672,7.845391273498535,30.98935890197754
2018-01-23,41.46133041381836,7.806230545043945,31.121599197387695
2018-01-24,40.8009033203125,7.864974021911621,31.08928108215332
2018-01-25,40.072566986083984,7.551680088043213,31.327314376831055
2018-01-26,40.16625213623047,7.6038947105407715,31.853349685668945
2018-01-29,39.334861755371094,7.436702251434326,32.19425964355469
2018-01-30,39.10301971435547,7.396575450897217,31.659393310546875
2018-01-31,39.21073532104492,7.33638858795166,31.327314376831055
2018-02-01,39.29269790649414,7.3029465675354,31.009931564331055
2018-02-02,37.587799072265625,7.1625075340271,30.704286575317383
2018-02-05,36.64868927001953,6.848186492919922,29.414173126220703
2018-02-06,38.1802864074707,7.19594669342041,29.652204513549805
2018-02-07,37.362972259521484,7.19594669342041,30.225263595581055
2018-02-08,36.334861755371094,6.975253105163574,29.393600463867188
2018-02-09,36.779293060302734,7.042128086090088,29.202579498291016
2018-02-12,38.26071548461914,7.155819416046143,29.255477905273438
2018-02-13,38.644012451171875,7.082256317138672,29.67572021484375
2018-02-14,39.356502532958984,7.182570457458496,29.887313842773438
2018-02-15,40.67802429199219,7.19594669342041,30.336942672729492
2018-02-16,40.54633331298828,7.095630645751953,30.792465209960938
2018-02-20,40.40995407104492,7.109006881713867,27.656787872314453
2018-02-21,40.22653579711914,7.08894157409668,26.895647048950195
2018-02-22,40.562808990478516,7.109006881713867,27.26298713684082
2018-02-23,41.268245697021484,7.155819416046143,27.298254013061523
2018-02-26,42.08420944213867,7.282886028289795,27.365856170654297
2018-02-27,41.947818756103516,7.095630645751953,26.895647048950195
2018-02-28,41.88433074951172,7.095630645751953,26.451892852783203
2018-03-01,41.150665283203125,6.881625175476074,26.1785831451416
2018-03-02,41.43518829345703,6.955188751220703,26.087482452392578
2018-03-05,41.578636169433594,7.075567245483398,26.44307518005371
2018-03-06,41.543365478515625,7.109006881713867,26.172710418701172
2018-03-07,41.1577262878418,7.109006881713867,25.7847900390625
2018-03-08,41.60686111450195,7.095630645751953,25.99172592163086
2018-03-09,42.32170486450195,7.175882816314697,26.228233337402344
2018-03-12,42.73085021972656,7.229384899139404,26.03607749938965
2018-03-13,42.319339752197266,7.209320545196533,26.104066848754883
2018-03-14,41.95957946777344,7.369825839996338,25.91782569885254
2018-03-15,42.00895309448242,7.403263568878174,25.870525360107422
2018-03-16,41.860809326171875,7.456766605377197,26.361265182495117
2018-03-19,41.221214294433594,7.363138675689697,25.852783203125
2018-03-20,41.20710754394531,7.349762916564941,26.000598907470703
2018-03-21,40.27357482910156,7.423327922821045,26.06859588623047
2018-03-22,39.70451736450195,7.189257621765137,25.761140823364258
2018-03-23,38.785091400146484,7.062193393707275,25.252655029296875
2018-03-26,40.62628936767578,7.24276065826416,25.867570877075195
2018-03-27,39.5845947265625,7.24276065826416,25.43889808654785
2018-03-28,39.147220611572266,7.262822151184082,25.9473819732666
2018-03-29,39.452903747558594,7.409953594207764,26.302143096923828
2018-04-02,39.19424819946289,7.262822151184082,25.29109001159668
2018-04-03,39.59635543823242,7.456766605377197,25.660627365112305
2018-04-04,40.353515625,7.577144622802734,25.7847900390625
2018-04-05,40.63334655761719,7.590519428253174,25.959211349487305
2018-04-06,39.59400177001953,7.476830005645752,25.62810707092285
2018-04-09,39.986690521240234,7.52364444732666,25.50690269470215
2018-04-10,40.739158630371094,7.65739631652832,25.557147979736328
2018-04-11,40.5486946105957,7.6440205574035645,25.397512435913086
2018-04-12,40.94843673706055,7.563769340515137,25.255615234375
2018-04-13,41.08717727661133,7.543704509735107,25.430028915405273
2018-04-16,41.34349060058594,7.6105804443359375,25.672449111938477
2018-04-17,41.91254425048828,7.6105804443359375,25.985815048217773
2018-04-18,41.81848907470703,7.577144622802734,25.888263702392578
2018-04-19,40.63334655761719,7.428041934967041,25.982860565185547
2018-04-20,38.968509674072266,7.333154201507568,25.71384048461914
2018-04-23,38.855648040771484,7.482261657714844,25.45368766784668
2018-04-24,38.3148078918457,7.428041934967041,25.58080291748047
2018-04-25,38.48175048828125,7.529702186584473,25.770009994506836
2018-04-26,38.61579132080078,7.746578693389893,25.99764060974121
2018-04-27,38.169010162353516,7.787243843078613,25.805482864379883
2018-04-30,38.8603401184082,7.6178083419799805,26.1513671875
2018-05-01,39.763301849365234,7.6313629150390625,25.840957641601562
2018-05-02,41.51985549926758,7.597475528717041,25.524635314941406
2018-05-03,41.59510040283203,7.590697765350342,25.492122650146484
2018-05-04,43.227020263671875,7.699138164520264,25.876436233520508
2018-05-07,43.53976058959961,7.685585021972656,25.267438888549805
2018-05-08,43.74904251098633,7.6381402015686035,25.347257614135742
2018-05-09,44.05709457397461,7.495814323425293,24.554975509643555
2018-05-10,44.68727111816406,7.597475528717041,24.599597930908203
2018-05-11,44.51730728149414,7.583921432495117,24.80486297607422
2018-05-14,44.413455963134766,7.577145576477051,25.105331420898438
2018-05-15,44.009796142578125,7.604252338409424,25.144001007080078
2018-05-16,44.420528411865234,7.7262468338012695,25.622966766357422
2018-05-17,44.13963317871094,7.766911506652832,25.135080337524414
2018-05-18,43.979122161865234,7.678805828094482,24.8822078704834
2018-05-21,44.29071044921875,7.800797462463379,25.14103126525879
2018-05-22,44.17976379394531,7.807575225830078,24.801891326904297
2018-05-23,44.46302032470703,7.75335693359375,24.694793701171875
2018-05-24,44.413455963134766,7.875349044799805,24.647193908691406
2018-05-25,44.51495361328125,7.800797462463379,24.53117561340332
2018-05-29,44.354434967041016,7.75335693359375,24.513324737548828
2018-05-30,44.26002502441406,7.827907562255859,25.025005340576172
2018-05-31,44.11130905151367,7.827907562255859,24.554973602294922
2018-06-01,44.906795501708984,7.9363484382629395,24.688840866088867
2018-06-04,45.282127380371094,7.956679344177246,25.411746978759766
2018-06-05,45.63147735595703,8.017674446105957,25.173749923706055
2018-06-06,45.78964614868164,8.112558364868164,25.155902862548828
2018-06-07,45.666900634765625,8.15322494506836,25.271926879882812
2018-06-08,45.251434326171875,8.200667381286621,25.096405029296875
2018-06-11,45.1405029296875,8.15322494506836,25.07855987548828
2018-06-12,45.38834762573242,8.207442283630371,25.019058227539062
2018-06-13,45.01538848876953,8.146446228027344,25.01608657836914
2018-06-14,45.03898620605469,8.058340072631836,24.926836013793945
2018-06-15,44.576332092285156,8.051563262939453,24.900062561035156
2018-06-18,44.55271911621094,8.126113891601562,24.691816329956055
2018-06-19,43.832767486572266,8.058340072631836,24.873289108276367
2018-06-20,44.023963928222656,8.044785499572754,24.873289108276367
2018-06-21,43.77846908569336,7.9363484382629395,25.05177879333496
2018-06-22,43.6510009765625,7.8956828117370605,25.23325538635254
2018-06-25,43.001861572265625,7.7940216064453125,25.72411346435547
2018-06-26,43.535335540771484,7.807575225830078,25.578344345092773
2018-06-27,43.47159194946289,7.739803791046143,25.849061965942383
2018-06-28,43.787925720214844,7.6449174880981445,25.542640686035156
2018-06-29,43.69584655761719,7.50259256362915,25.48017120361328
2018-07-02,44.18448257446289,7.52292537689209,24.989307403564453
2018-07-03,43.41495132446289,7.448374271392822,25.120206832885742
2018-07-05,43.76430892944336,7.48903751373291,25.158878326416016
2018-07-06,44.37096405029297,7.495814323425293,25.14103126525879
2018-07-09,44.987060546875,7.590697765350342,25.563465118408203
2018-07-10,44.932762145996094,7.624587059020996,25.944257736206055
2018-07-11,44.34971237182617,7.50259256362915,25.741962432861328
2018-07-12,45.09328842163086,7.48903751373291,25.738988876342773
2018-07-13,45.16411209106445,7.441595554351807,26.09002685546875
2018-07-16,45.064971923828125,7.353488445281982,26.07217788696289
2018-07-17,45.19241714477539,7.360267162322998,26.235797882080078
2018-07-18,44.94457244873047,7.367043972015381,26.200101852416992
2018-07-19,45.2939338684082,7.333154201507568,26.095979690551758
2018-07-20,45.19007110595703,7.2575578689575195,26.197120666503906
2018-07-23,45.23019027709961,7.19570255279541,26.069204330444336
2018-07-24,45.558311462402344,7.264428615570068,26.167369842529297
2018-07-25,45.98793411254883,7.230066299438477,26.149524688720703
2018-07-26,45.84394073486328,6.7970871925354,26.24770164489746
2018-07-27,45.08149337768555,6.824578285217285,26.217954635620117
2018-07-30,44.828914642333984,6.920795440673828,26.441070556640625
2018-07-31,44.91860580444336,6.900176525115967,26.545188903808594
2018-08-01,47.56476974487305,6.803959846496582,26.250675201416016
2018-08-02,48.955116271972656,6.817706108093262,26.40537452697754
2018-08-03,49.09675216674805,6.900176525115967,26.655263900756836
2018-08-06,49.35169982910156,6.89330530166626,26.676082611083984
2018-08-07,48.88902282714844,6.927668571472168,26.70583724975586
2018-08-08,48.922080993652344,6.907052516937256,26.789138793945312
2018-08-09,49.30683135986328,6.810832500457764,26.633533477783203
2018-08-10,49.159976959228516,6.693998336791992,26.983623504638672
2018-08-13,49.47739028930664,6.501562595367432,26.822052001953125
2018-08-14,49.68585205078125,6.529052734375,27.18409538269043
2018-08-15,49.80192184448242,6.494688987731934,26.995595932006836
2018-08-16,50.53150939941406,6.535925388336182,29.515029907226562
2018-08-17,51.540626525878906,6.563414573669434,29.278635025024414
2018-08-20,51.0384521484375,6.6802520751953125,28.72509002685547
2018-08-21,50.938961029052734,6.77647066116333,28.749025344848633
2018-08-22,50.94131851196289,6.659633159637451,28.626344680786133
2018-08-23,51.04555130004883,6.618398666381836,28.47972297668457
2018-08-24,51.20426940917969,6.652761936187744,28.410905838012695
2018-08-27,51.62590789794922,6.865814208984375,28.28822135925293
2018-08-28,52.04281234741211,6.879561424255371,28.746036529541016
2018-08-29,52.81978988647461,6.8520708084106445,28.61736297607422
2018-08-30,53.30538558959961,6.666506290435791,28.7550106048584
2018-08-31,53.921287536621094,6.515305995941162,28.683189392089844
2018-09-04,54.09421157836914,6.5084357261657715,28.533584594726562
2018-09-05,53.74125289916992,6.522178649902344,28.910600662231445
2018-09-06,52.848209381103516,6.480945110321045,28.8597412109375
2018-09-07,52.42182540893555,6.370982646942139,28.674219131469727
2018-09-10,51.71829605102539,6.446582317352295,28.994386672973633
2018-09-11,53.02588653564453,6.398472785949707,28.916580200195312
2018-09-12,52.36735916137695,6.419090270996094,28.716106414794922
2018-09-13,53.63228988647461,6.439708232879639,28.461772918701172
2018-09-14,53.02351760864258,6.494688987731934,28.303186416625977
2018-09-17,51.611698150634766,6.563414573669434,28.37200355529785
2018-09-18,51.69697570800781,6.5840349197387695,28.554533004760742
2018-09-19,51.7277717590332,6.721487522125244,28.497682571411133
2018-09-20,52.12099075317383,6.7421064376831055,28.65028190612793
2018-09-21,51.55959701538086,6.769596576690674,28.69516372680664
2018-09-24,52.30103302001953,6.590908050537109,28.40192413330078
2018-09-25,52.63267135620117,6.45345401763916,28.455785751342773
2018-09-26,52.21337890625,6.370982646942139,28.303186416625977
2018-09-27,53.28645324707031,6.343489646911621,28.165546417236328
2018-09-28,53.47358322143555,6.357235431671143,28.099714279174805
2018-10-01,53.833648681640625,6.405344486236572,28.246341705322266
2018-10-02,54.31215286254883,6.322871208190918,28.47074317932129
2018-10-03,54.97303771972656,6.274763107299805,28.147586822509766
2018-10-04,54.006561279296875,6.288510322570801,28.189481735229492
2018-10-05,53.13010787963867,6.267889976501465,27.920181274414062
2018-10-08,53.006935119628906,6.364109992980957,28.333110809326172
2018-10-09,53.74125289916992,6.1510539054870605,29.048236846923828
2018-10-10,51.25163650512695,6.061708450317383,28.653270721435547
2018-10-11,50.799198150634766,6.054836750030518,28.102705001831055
2018-10-12,52.61370086669922,5.9380011558532715,28.36901092529297
2018-10-15,51.4885139465332,6.054836750030518,28.072784423828125
2018-10-16,52.623172760009766,6.047964096069336,28.668230056762695
2018-10-17,52.39577865600586,6.020474433898926,28.892648696899414
2018-10-18,51.17109680175781,5.848656177520752,28.77595329284668
2018-10-19,51.95044708251953,5.8417840003967285,29.06918716430664
2018-10-22,52.267852783203125,5.883760452270508,29.066194534301758
2018-10-23,52.76057434082031,6.009692668914795,29.26367950439453
2018-10-24,50.95078659057617,5.722850799560547,29.19186782836914
2018-10-25,52.06650924682617,6.28953742980957,29.676607131958008
2018-10-26,51.2374153137207,6.2825422286987305,29.604793548583984
2018-10-29,50.27568435668945,6.492425918579102,29.86212158203125
2018-10-30,50.52677917480469,6.618357181549072,30.64607810974121
2018-10-31,51.84384536743164,6.681321620941162,30.0057430267334
2018-11-01,52.63975524902344,6.4994215965271,30.09552001953125
2018-11-02,49.148128509521484,6.562389373779297,30.322906494140625
2018-11-05,47.75290298461914,6.667330741882324,30.79269027709961
2018-11-06,48.2692985534668,6.6743268966674805,30.918367385864258
2018-11-07,49.73323440551758,6.716303825378418,31.214588165283203
2018-11-08,49.55971145629883,6.618357181549072,31.382158279418945
2018-11-09,48.60411071777344,6.562389373779297,31.585628509521484
2018-11-12,46.15571594238281,6.639344692230225,31.07994270324707
2018-11-13,45.69457244873047,6.6743268966674805,30.801668167114258
2018-11-14,44.40382766723633,6.6743268966674805,30.37977409362793
2018-11-15,45.499656677246094,6.513415813446045,29.784324645996094
2018-11-16,46.00358963012695,6.331514358520508,29.230764389038086
2018-11-19,44.18036651611328,6.471439361572266,28.958477020263672
2018-11-20,42.06952667236328,6.338510513305664,28.17452049255371
2018-11-21,42.02198028564453,6.373490810394287,28.177509307861328
2018-11-23,40.954681396484375,6.3874831199646,28.455785751342773
2018-11-26,41.5085334777832,6.576379776000977,28.47074317932129
2018-11-27,41.418212890625,6.492425918579102,28.437835693359375
2018-11-28,43.01084899902344,6.583375453948975,29.161949157714844
2018-11-29,42.68043518066406,6.555392742156982,29.11107635498047
2018-11-30,42.44986343383789,6.583375453948975,29.218799591064453
2018-12-03,43.93315887451172,6.716303825378418,29.547945022583008
2018-12-04,42.00060272216797,6.422465801239014,28.668230056762695
2018-12-06,41.532318115234375,6.310524940490723,28.51179313659668
2018-12-07,40.051395416259766,6.170603275299072,28.03644561767578
2018-12-10,40.31523513793945,5.960719108581543,28.262083053588867
2018-12-11,40.08467102050781,5.974710941314697,28.235004425048828
2018-12-12,40.196388244628906,6.04467248916626,28.01237678527832
2018-12-13,40.63615036010742,5.9467267990112305,27.967248916625977
2018-12-14,39.33588790893555,5.960719108581543,27.633298873901367
2018-12-17,38.969818115234375,5.9467267990112305,27.308378219604492
2018-12-18,39.476139068603516,5.925738334655762,27.401643753051758
2018-12-19,38.244808197021484,5.820795059204102,27.242197036743164
2018-12-20,37.279727935791016,5.778818607330322,26.258403778076172
2018-12-21,35.82970428466797,5.631898880004883,26.21327781677246
2018-12-24,34.90263748168945,5.338061332702637,25.819154739379883
2018-12-26,37.36052322387695,5.491976737976074,27.2000732421875
2018-12-27,37.11807632446289,5.491976737976074,27.55508041381836
2018-12-28,37.13709259033203,5.463991641998291,27.717538833618164
2018-12-31,37.49602508544922,5.352053642272949,28.024402618408203
2019-01-02,37.538814544677734,5.5269575119018555,28.08156967163086
2019-01-03,33.7996826171875,5.4430036544799805,27.937158584594727
2019-01-04,35.2425537109375,5.65288782119751,28.111658096313477
2019-01-07,35.16411590576172,5.799807071685791,28.44259262084961
2019-01-08,35.834449768066406,5.855776309967041,28.641157150268555
2019-01-09,36.442989349365234,6.100641250610352,28.547889709472656
2019-01-10,36.55946731567383,6.06566047668457,28.568954467773438
2019-01-11,36.20052719116211,6.170603275299072,28.532848358154297
2019-01-14,35.65616989135742,6.28953742980957,28.565946578979492
2019-01-15,36.38594055175781,6.184595108032227,28.95705223083496
2019-01-16,36.8304443359375,5.799807071685791,28.987140655517578
2019-01-17,37.04914093017578,5.848779201507568,29.10447120666504
2019-01-18,37.277347564697266,6.002695560455322,29.402318954467773
2019-01-22,36.440616607666016,5.9467267990112305,29.330108642578125
2019-01-23,36.587982177734375,5.8347883224487305,29.697147369384766
2019-01-24,36.29798126220703,6.016686916351318,29.59185028076172
2019-01-25,37.50078582763672,6.198587417602539,29.164644241333008
2019-01-28,37.15372848510742,6.058663845062256,29.200742721557617
2019-01-29,36.76865005493164,6.128627300262451,29.095441818237305
2019-01-30,39.281219482421875,6.1998066902160645,28.520814895629883
2019-01-31,39.5640869140625,6.263869285583496,28.830692291259766
2019-02-01,39.58311080932617,6.206925392150879,28.238012313842773
2019-02-04,40.707462310791016,6.19268798828125,28.51179313659668
2019-02-05,41.40393829345703,6.228278636932373,28.76149559020996
2019-02-06,41.418212890625,6.206925392150879,28.773527145385742
2019-02-07,40.6337776184082,5.9150848388671875,29.101455688476562
2019-02-08,40.6815299987793,5.972030162811279,28.755481719970703
2019-02-11,40.44756317138672,5.9293212890625,28.942007064819336
2019-02-12,40.796112060546875,6.02185583114624,29.17366600036621
2019-02-13,40.62661361694336,5.986266136169434,29.465492248535156
2019-02-14,40.77463150024414,5.993383884429932,29.639984130859375
2019-02-15,40.68390655517578,6.078800201416016,30.082244873046875
2019-02-19,40.80565643310547,6.285223007202148,30.74712562561035
2019-02-20,41.06825637817383,6.363521099090576,30.049150466918945
2019-02-21,40.83668518066406,6.1998066902160645,29.901731491088867
2019-02-22,41.29266357421875,6.1998066902160645,29.949867248535156
2019-02-25,41.59345626831055,6.235396385192871,29.82050132751465
2019-02-26,41.617332458496094,6.320812225341797,29.691133499145508
2019-02-27,41.74624252319336,6.249632358551025,29.516639709472656
2019-02-28,41.33563995361328,6.242514610290527,29.781381607055664
2019-03-01,41.770118713378906,6.25675106048584,29.462488174438477
2019-03-04,41.98019790649414,6.270988464355469,29.438413619995117
2019-03-05,41.90379333496094,6.242514610290527,29.585834503173828
2019-03-06,41.66269302368164,6.107273101806641,29.561765670776367
2019-03-07,41.180458068847656,6.0360918045043945,29.31807518005371
2019-03-08,41.27834701538086,5.993383884429932,29.360197067260742
2019-03-11,42.70830154418945,6.128626346588135,29.627952575683594
2019-03-12,43.18815231323242,6.100154876708984,29.59486198425293
2019-03-13,43.379146575927734,6.071681022644043,29.79342269897461
2019-03-14,43.86136245727539,5.986266136169434,29.708736419677734
2019-03-15,44.43191909790039,6.00050163269043,29.769227981567383
2019-03-18,44.88551330566406,6.100154876708984,30.1442928314209
2019-03-19,44.5297966003418,6.19268798828125,30.201757431030273
2019-03-20,44.9189338684082,6.057446002960205,29.835765838623047
2019-03-21,46.57331085205078,6.185569763183594,29.962812423706055
2019-03-22,45.60886001586914,6.078800201416016,29.72688102722168
2019-03-25,45.05738830566406,6.057446002960205,29.693599700927734
2019-03-26,44.59187316894531,6.235396385192871,29.738981246948242
2019-03-27,44.99293899536133,6.135743618011475,29.403228759765625
2019-03-28,45.052616119384766,6.242514610290527,29.379032135009766
2019-03-29,45.34625244140625,6.249632358551025,29.500019073486328
2019-04-01,45.65421676635742,6.391993999481201,29.58774185180664
2019-04-02,46.31787872314453,6.413347244262695,29.321561813354492
2019-04-03,46.6353759765625,6.498764514923096,29.397188186645508
2019-04-04,46.716548919677734,6.577062606811523,29.67546272277832
2019-04-05,47.02927780151367,6.58418083190918,29.89322853088379
2019-04-08,47.76933288574219,6.619770050048828,30.014230728149414
2019-04-09,47.6260986328125,6.5557074546813965,29.85089111328125
2019-04-10,47.89346694946289,6.641124248504639,30.126144409179688
2019-04-11,47.494789123535156,6.683831214904785,30.489103317260742
2019-04-12,47.475711822509766,6.726541996002197,30.718976974487305
2019-04-15,47.561641693115234,6.641124248504639,30.98214340209961
2019-04-16,47.56642150878906,6.662478923797607,31.133365631103516
2019-04-17,48.49267578125,6.762132167816162,31.20294189453125
2019-04-18,48.666954040527344,6.797719955444336,31.208980560302734
2019-04-22,48.826900482177734,6.762132167816162,30.9639835357666
2019-04-23,49.531131744384766,6.870614528656006,31.175718307495117
2019-04-24,49.45474624633789,6.921238422393799,31.31484031677246
2019-04-25,49.00593185424805,6.7982892990112305,31.311830520629883
2019-04-26,48.77199172973633,7.528746128082275,30.709918975830078
2019-04-29,48.84600830078125,7.463655471801758,30.718976974487305
2019-04-30,47.90541458129883,7.557675838470459,31.106142044067383
2019-05-01,50.256866455078125,7.449191570281982,30.658489227294922
2019-05-02,49.9298095703125,7.47812032699585,30.594970703125
2019-05-03,50.55049514770508,7.528746128082275,30.876264572143555
2019-05-06,49.769866943359375,7.499818801879883,30.991201400756836
2019-05-07,48.42821502685547,7.507049083709717,30.640338897705078
2019-05-08,48.43777084350586,7.47812032699585,30.337881088256836
2019-05-09,47.9173469543457,7.376870632171631,30.267927169799805
2019-05-10,47.25352096557617,7.507049083709717,30.988601684570312
2019-05-13,44.507171630859375,7.2900824546813965,30.37435531616211
2019-05-14,45.211734771728516,7.405797958374023,30.49599266052246
2019-05-15,45.75334548950195,7.492586135864258,30.371318817138672
2019-05-16,45.552032470703125,7.521514892578125,30.806148529052734
2019-05-17,45.293209075927734,7.441960334777832,30.669313430786133
2019-05-20,43.87690734863281,7.434727191925049,30.870010375976562
2019-05-21,44.71806716918945,7.405797958374023,30.74837875366211
2019-05-22,43.802608489990234,7.210529327392578,31.085912704467773
2019-05-23,43.0549201965332,7.12374210357666,30.97339630126953
2019-05-24,42.88956069946289,7.109278202056885,31.219694137573242
2019-05-28,42.71221923828125,7.073117733001709,31.1436767578125
2019-05-29,42.50851821899414,7.022491455078125,31.05246353149414
2019-05-30,42.72898864746094,7.044187545776367,31.07373046875
2019-05-31,41.95493698120117,6.885077476501465,30.845670700073242
2019-06-03,41.53076171875,6.950169563293457,31.003814697265625
2019-06-04,43.05011749267578,7.1743669509887695,31.186254501342773
2019-06-05,43.745094299316406,7.073117733001709,31.751832962036133
2019-06-06,44.38734817504883,7.051419258117676,31.96164894104004
2019-06-07,45.56880569458008,7.058653354644775,32.250518798828125
2019-06-10,46.15114212036133,7.102044582366943,32.69448471069336
2019-06-11,46.68556213378906,7.1743669509887695,32.82219314575195
2019-06-12,46.536983489990234,7.12374210357666,33.08977508544922
2019-06-13,46.52738952636719,7.275618553161621,33.03807830810547
2019-06-14,46.189483642578125,7.217759609222412,33.165802001953125
2019-06-17,46.46508026123047,7.268387317657471,33.19316482543945
2019-06-18,47.5578727722168,7.304548740386963,33.342166900634766
2019-06-19,47.41887664794922,7.261155128479004,33.33304214477539
2019-06-20,47.7999267578125,7.261155128479004,33.545902252197266
2019-06-21,47.636959075927734,7.2249932289123535,33.79219436645508
2019-06-24,47.58903884887695,7.1960649490356445,33.825653076171875
2019-06-25,46.867698669433594,7.116509437561035,33.66751480102539
2019-06-26,47.88139724731445,7.167134761810303,33.49722671508789
2019-06-27,47.86702346801758,7.376870632171631,33.47899627685547
2019-06-28,47.43086242675781,7.398566722869873,33.59758377075195
2019-07-01,48.30077362060547,7.340710639953613,33.63711929321289
2019-07-02,48.58356475830078,7.319011211395264,33.93510818481445
2019-07-03,48.986175537109375,7.376870632171631,34.154048919677734
2019-07-05,48.94303894042969,7.376870632171631,34.0506591796875
2019-07-08,47.934120178222656,7.376870632171631,34.27568054199219
2019-07-09,48.22649383544922,7.333477973937988,34.32433319091797
2019-07-10,48.70337677001953,7.311781406402588,34.354736328125
2019-07-11,48.34870910644531,7.3696370124816895,34.64057540893555
2019-07-12,48.72017288208008,7.586605072021484,34.84734344482422
2019-07-15,49.177894592285156,7.535980701446533,34.96290588378906
2019-07-16,49.00774383544922,7.601068019866943,34.895992279052734
2019-07-17,48.73215103149414,7.470889091491699,34.84734344482422
2019-07-18,49.28573226928711,7.420263290405273,34.883846282958984
2019-07-19,48.55001449584961,7.376870632171631,34.634498596191406
2019-07-22,49.659576416015625,7.354850769042969,34.30608367919922
2019-07-23,50.04780578613281,7.4649529457092285,34.084110260009766
2019-07-24,50.007057189941406,7.582395076751709,34.056739807128906
2019-07-25,49.61164855957031,7.0172014236450195,34.12364959716797
2019-07-26,49.78419494628906,7.024540424346924,34.36690139770508
2019-07-29,50.24911117553711,7.046563148498535,34.13883590698242
2019-07-30,50.033424377441406,7.009860038757324,34.074989318847656
2019-07-31,51.054325103759766,6.995180130004883,33.56413269042969
2019-08-01,49.949546813964844,6.833697319030762,33.260066986083984
2019-08-02,48.89270782470703,6.811677932739258,33.26613998413086
2019-08-05,46.33328628540039,6.774975299835205,32.17753219604492
2019-08-06,47.21038818359375,6.958480358123779,32.61845397949219
2019-08-07,47.699275970458984,6.995180130004883,32.901248931884766
2019-08-08,48.751312255859375,7.0172014236450195,33.16097640991211
2019-08-09,48.349586486816406,6.936460018157959,32.78207778930664
2019-08-12,48.226905822753906,6.81901741027832,32.15259552001953
2019-08-13,50.269229888916016,6.796996116638184,32.82179260253906
2019-08-14,48.77296829223633,6.606152534484863,32.45205307006836
2019-08-15,48.530006408691406,6.50338888168335,34.435237884521484
2019-08-16,49.675052642822266,6.576791286468506,34.52690505981445
2019-08-19,50.6011962890625,6.628172874450684,34.77748107910156
2019-08-20,50.60360336303711,6.576791286468506,34.23966979980469
2019-08-21,51.152069091796875,6.635512828826904,34.23050308227539
2019-08-22,51.10878372192383,6.635512828826904,34.19688415527344
2019-08-23,48.74650192260742,6.437329292297363,33.86686325073242
2019-08-26,49.67265319824219,6.474030494689941,34.221343994140625
2019-08-27,49.112152099609375,6.429988384246826,34.352718353271484
2019-08-28,49.44171142578125,6.606152534484863,34.44439697265625
2019-08-29,50.27885055541992,6.694234848022461,34.859989166259766
2019-08-30,50.21390151977539,6.730935096740723,34.914974212646484
2019-09-03,49.482608795166016,6.679554462432861,35.03110122680664
2019-09-04,50.32215881347656,6.752956390380859,35.41918182373047
2019-09-05,51.306034088134766,6.855719089508057,35.27556610107422
2019-09-06,51.30121612548828,6.855719089508057,35.05860137939453
2019-09-09,51.52012634277344,7.00252103805542,35.54752731323242
2019-09-10,52.128746032714844,6.914438724517822,35.461971282958984
2019-09-11,53.78617858886719,6.914438724517822,35.452796936035156
2019-09-12,53.6658935546875,6.90709924697876,35.727806091308594
2019-09-13,52.62187576293945,6.936460018157959,35.883663177490234
2019-09-16,52.89851379394531,6.826356887817383,35.315284729003906
2019-09-17,53.09097671508789,6.811677932739258,35.602535247802734
2019-09-18,53.58892059326172,6.7896575927734375,35.80116271972656
2019-09-19,53.153507232666016,6.679554462432861,35.78588104248047
2019-09-20,52.37651062011719,6.730935096740723,35.74614334106445
2019-09-23,52.614662170410156,6.723596096038818,35.94172286987305
2019-09-24,52.364471435546875,6.686893939971924,36.18006134033203
2019-09-25,53.170352935791016,6.752956390380859,36.20146179199219
2019-09-26,52.89611053466797,6.708914756774902,36.149513244628906
2019-09-27,52.63871765136719,6.664873123168945,36.195335388183594
2019-09-30,53.87760543823242,6.723596096038818,36.2656364440918
2019-10-01,54.026729583740234,6.532750606536865,36.012001037597656
2019-10-02,52.67239761352539,6.31988525390625,35.48335647583008
2019-10-03,53.11983871459961,6.393287181854248,35.54140853881836
2019-10-04,54.608882904052734,6.415307998657227,36.106727600097656
2019-10-07,54.620906829833984,6.371266841888428,35.82254409790039
2019-10-08,53.981021881103516,6.2685041427612305,35.92948532104492
2019-10-09,54.613685607910156,6.283185005187988,36.34202575683594
2019-10-10,55.349796295166016,6.327225208282471,36.54981231689453
2019-10-11,56.821998596191406,6.444668769836426,36.74232864379883
2019-10-14,56.74021911621094,6.474030494689941,36.41536331176758
2019-10-15,56.60792541503906,6.657533645629883,36.52537536621094
2019-10-16,56.37937927246094,6.657533645629883,36.49175262451172
2019-10-17,56.59828186035156,6.686893939971924,36.62010192871094
2019-10-18,56.87012481689453,6.81901741027832,36.40620422363281
2019-10-21,57.856414794921875,6.736949443817139,36.58953094482422
2019-10-22,57.724098205566406,6.766793727874756,36.54064178466797
2019-10-23,58.49869155883789,6.871241569519043,36.47036361694336
2019-10-24,58.59491729736328,6.416143417358398,36.39397048950195
2019-10-25,59.31657409667969,6.505672454833984,36.37563705444336
2019-10-28,59.91075897216797,6.423603534698486,36.43063735961914
2019-10-29,58.52515411376953,6.445988178253174,35.79810333251953
2019-10-30,58.51792907714844,6.371379852294922,36.08839416503906
2019-10-31,59.84099197387695,6.408682823181152,35.83170700073242
2019-11-01,61.53934097290039,6.63250207901001,35.94172286987305
2019-11-04,61.943458557128906,6.714568138122559,35.92643356323242
2019-11-05,61.85447311401367,6.729490756988525,36.32063674926758
2019-11-06,61.880916595458984,6.65488338470459,36.51620101928711
2019-11-07,62.59511184692383,6.63250207901001,36.7392692565918
2019-11-08,62.76642608642578,6.744410514831543,36.49786376953125
2019-11-11,63.26347351074219,6.774252891540527,36.37563705444336
2019-11-12,63.2055549621582,6.744410514831543,36.400081634521484
2019-11-13,63.811153411865234,6.572817802429199,36.968448638916016
2019-11-14,63.3696174621582,6.557896137237549,36.86761474609375
2019-11-15,64.12239837646484,6.6772661209106445,36.32368850708008
2019-11-18,64.44571685791016,6.6772661209106445,36.74538803100586
2019-11-19,64.25028991699219,6.639962673187256,36.635379791259766
2019-11-20,63.50231170654297,6.513131618499756,36.403133392333984
2019-11-21,63.21760559082031,6.498210906982422,36.626216888427734
2019-11-22,63.162109375,6.63250207901001,36.473419189453125
2019-11-25,64.26959228515625,6.714568138122559,36.3389778137207
2019-11-26,63.767730712890625,6.722028732299805,36.421478271484375
2019-11-27,64.62425231933594,6.789175510406494,36.290077209472656
2019-11-29,64.4819107055664,6.759331703186035,36.39091873168945
2019-12-02,63.73635482788086,6.722028732299805,36.44896697998047
2019-12-03,62.59994125366211,6.63250207901001,36.262577056884766
2019-12-04,63.15245819091797,6.6772661209106445,36.2686882019043
2019-12-05,64.07898712158203,6.662343502044678,36.422149658203125
2019-12-06,65.31674194335938,6.729490756988525,36.76593780517578
2019-12-09,64.40230560302734,6.722028732299805,36.63701629638672
2019-12-10,64.77870178222656,6.766793727874756,36.56949996948242
2019-12-11,65.33120727539062,6.796635150909424,36.526512145996094
2019-12-12,65.49768829345703,6.95330810546875,36.75979232788086
2019-12-13,66.38803100585938,6.886162281036377,36.92247772216797
2019-12-16,67.52442932128906,7.005532264709473,36.99921417236328
2019-12-17,67.65715789794922,7.005532264709473,37.22636032104492
2019-12-18,67.4954833984375,7.117441654205322,36.79050064086914
2019-12-19,67.56304168701172,7.020453929901123,36.85801315307617
2019-12-20,67.42312622070312,7.072679042816162,36.92247772216797
2019-12-23,68.5233383178711,7.0428361892700195,36.53572463989258
2019-12-24,68.58849334716797,7.065218925476074,36.683067321777344
2019-12-26,69.94930267333984,7.050297260284424,36.686126708984375
2019-12-27,69.92276000976562,6.983151912689209,36.70761489868164
2019-12-30,70.3377685546875,6.901084899902344,36.64928436279297
2019-12-31,70.85167694091797,6.938387393951416,36.47740936279297
2020-01-02,72.46824645996094,7.027914524078369,36.50810241699219
2020-01-03,71.76371765136719,6.871241569519043,36.1858024597168
2020-01-06,72.33554077148438,6.833939552307129,36.112144470214844
2020-01-07,71.99535369873047,6.901084899902344,35.7775764465332
2020-01-08,73.15348815917969,6.901084899902344,35.65480041503906
2020-01-09,74.70733642578125,6.908544540405273,36.02312469482422
2020-01-10,74.87621307373047,6.901084899902344,35.72231674194336
2020-01-13,76.47590637207031,6.893624305725098,35.568851470947266
2020-01-14,75.44324493408203,6.930926322937012,35.66093063354492
2020-01-15,75.11991882324219,6.856320858001709,35.38467788696289
2020-01-16,76.0609130859375,6.841399669647217,35.57499694824219
2020-01-17,76.90298461914062,6.833939552307129,35.28644943237305
2020-01-21,76.38182067871094,6.871241569519043,35.47983169555664
2020-01-22,76.65447235107422,6.833939552307129,35.63637924194336
2020-01-23,77.02360534667969,6.81901741027832,35.54736328125
2020-01-24,76.80165100097656,6.714568138122559,35.1053581237793
2020-01-27,74.54328918457031,6.63250207901001,35.562713623046875
2020-01-28,76.65205383300781,6.692188262939453,35.789859771728516
2020-01-29,78.25654602050781,6.722535610198975,35.57192611694336
2020-01-30,78.14313507080078,6.707361221313477,35.78371047973633
2020-01-31,74.67838287353516,6.692188262939453,35.14219284057617
2020-02-03,74.47327423095703,6.813586711883545,35.07466506958008
2020-02-04,76.93192291259766,6.965336322784424,35.38160705566406
2020-02-05,77.55926513671875,6.30522346496582,35.854312896728516
2020-02-06,78.46644592285156,6.259697914123535,35.700828552246094
2020-02-07,77.39989471435547,6.153472423553467,35.74380874633789
2020-02-10,77.76751708984375,6.115535736083984,35.37546920776367
2020-02-11,77.29833221435547,6.145885944366455,35.42151641845703
2020-02-12,79.13399505615234,6.252111434936523,35.55963897705078
2020-02-13,78.57044982910156,6.259697914123535,36.047691345214844
2020-02-14,78.58979797363281,6.145885944366455,36.1858024597168
2020-02-18,77.15081787109375,6.115535736083984,36.71989440917969
2020-02-19,78.26813507080078,6.070010185241699,36.12134552001953
2020-02-20,77.46520233154297,6.0927734375,36.124412536621094
2020-02-21,75.71176147460938,5.986547946929932,36.39760208129883
2020-02-24,72.11543273925781,5.743748188018799,35.70389938354492
2020-02-25,69.67271423339844,5.485772132873535,35.11150360107422
2020-02-26,70.77799224853516,5.470596790313721,34.92426300048828
2020-02-27,66.15135955810547,5.288496494293213,33.886783599853516
2020-02-28,66.11265563964844,5.280909061431885,33.05189514160156
2020-03-02,72.26781463623047,5.463009834289551,35.568851470947266
2020-03-03,69.9726333618164,5.288496494293213,34.65721893310547
2020-03-04,73.2182846069336,5.3719587326049805,35.8420295715332
2020-03-05,70.84329223632812,5.113984107971191,35.58113098144531
2020-03-06,69.90248107910156,4.924295425415039,35.98322296142578
2020-03-09,64.37374877929688,4.4766340255737305,35.96174621582031
2020-03-10,69.01004791259766,4.749783515930176,36.769004821777344
2020-03-11,66.61329650878906,4.4766340255737305,35.123775482177734
2020-03-12,60.03492736816406,4.059319972991943,31.937681198120117
2020-03-13,67.22757720947266,4.271770477294922,35.02248001098633
2020-03-16,58.578975677490234,3.801344633102417,32.769493103027344
2020-03-17,61.15470504760742,3.801344633102417,36.60633087158203
2020-03-18,59.65764236450195,3.4143805503845215,37.62538146972656
2020-03-19,59.20053482055664,3.391618013381958,36.826873779296875
2020-03-20,55.44215393066406,3.285393476486206,35.13738250732422
2020-03-23,54.264339447021484,3.042593002319336,35.23295593261719
2020-03-24,59.70842361450195,3.7558186054229736,35.46417236328125
2020-03-25,59.37950134277344,4.089669704437256,33.72842788696289
2020-03-26,62.504241943359375,3.9834442138671875,33.85790252685547
2020-03-27,59.91641616821289,3.9379189014434814,33.78392791748047
2020-03-30,61.626312255859375,3.816519260406494,35.51350402832031
2020-03-31,61.50054168701172,3.664768934249878,35.02946472167969
2020-04-01,58.26456832885742,3.338505983352661,35.18977355957031
2020-04-02,59.23680877685547,3.3081560134887695,36.58023452758789
2020-04-03,58.385501861572266,3.2171053886413574,36.83612823486328
2020-04-06,63.47890853881836,3.4371438026428223,38.86784744262695
2020-04-07,62.74366760253906,3.573718547821045,37.609962463378906
2020-04-08,64.34956359863281,3.816519260406494,37.563724517822266
2020-04-09,64.81391906738281,4.074494361877441,37.55138397216797
2020-04-13,66.08605194091797,3.915156364440918,38.63044357299805
2020-04-14,69.42362976074219,4.013794422149658,39.771183013916016
2020-04-15,68.78997039794922,3.816519260406494,39.69717025756836
2020-04-16,69.3365478515625,3.748232126235962,40.79783248901367
2020-04-17,68.39575958251953,3.8848063945770264,40.73308181762695
2020-04-20,66.97607421875,3.7785818576812744,40.033241271972656
2020-04-21,64.90584564208984,3.619243621826172,39.83591842651367
2020-04-22,66.77534484863281,3.619243621826172,40.56968688964844
2020-04-23,66.5165786743164,3.710294246673584,39.62627410888672
2020-04-24,68.4368667602539,3.6951189041137695,39.906829833984375
2020-04-27,68.4852294921875,3.922744035720825,39.55536651611328
2020-04-28,67.3751220703125,4.082082271575928,39.46287155151367
2020-04-29,69.58808135986328,3.9910318851470947,38.1063346862793
2020-04-30,71.05609893798828,3.862044334411621,37.47431182861328
2020-05-01,69.91214752197266,3.73305606842041,37.89668655395508
2020-05-04,70.90132904052734,3.6875317096710205,38.13717269897461
2020-05-05,71.96548461914062,3.770993947982788,38.454708099365234
2020-05-06,72.7079849243164,3.6951189041137695,38.013832092285156
2020-05-07,73.46012878417969,3.6951189041137695,37.744441986083984
2020-05-08,75.2086181640625,3.9758572578430176,38.06959533691406
2020-05-11,76.39202880859375,3.8848063945770264,38.29563522338867
2020-05-12,75.5190200805664,3.7785818576812744,38.32970428466797
2020-05-13,74.6072006225586,3.5813066959381104,38.308021545410156
2020-05-14,75.06552124023438,3.710294246673584,38.21821212768555
2020-05-15,74.62173461914062,3.717880964279175,38.998565673828125
2020-05-18,76.3799057006836,4.028968811035156,39.53118133544922
2020-05-19,75.93855285644531,4.021382808685303,38.69199752807617
2020-05-20,77.4154052734375,4.1655449867248535,38.84683609008789
2020-05-21,76.8382568359375,4.271770477294922,38.70439147949219
2020-05-22,77.33295440673828,4.286944389343262,38.5000114440918
2020-05-26,76.80915832519531,4.431107521057129,38.35447692871094
2020-05-27,77.14380645751953,4.575271129608154,37.92714309692383
2020-05-28,77.1777572631836,4.438694477081299,38.30183029174805
2020-05-29,77.1025619506836,4.332470417022705,38.41638946533203
2020-06-01,78.05078887939453,4.453869819641113,38.385433197021484
2020-06-02,78.41211700439453,4.4766340255737305,38.37923812866211
2020-06-03,78.84378814697266,4.696671009063721,38.23369598388672
2020-06-04,78.16475677490234,4.9849958419799805,37.812564849853516
2020-06-05,80.39097595214844,5.569234371185303,37.64225387573242
2020-06-08,80.86626434326172,5.713397979736328,37.54316711425781
2020-06-09,83.41986846923828,5.493358612060547,37.57722473144531
2020-06-10,85.5660629272461,5.167097091674805,37.51838684082031
2020-06-11,81.4580078125,4.6511454582214355,37.18705368041992
2020-06-12,82.1612548828125,4.901533603668213,36.4593505859375
2020-06-15,83.17737579345703,4.931884765625,36.564632415771484
2020-06-16,85.38174438476562,4.969820976257324,37.0507926940918
2020-06-17,85.2629165649414,4.802896022796631,36.85881423950195
2020-06-18,85.29689025878906,4.802896022796631,36.536766052246094
2020-06-19,84.8094482421875,4.727020263671875,37.11273956298828
2020-06-22,87.02835083007812,4.764959335327148,37.67941665649414
2020-06-23,88.885986328125,4.666319847106934,37.490516662597656
2020-06-24,87.31695556640625,4.514570713043213,37.2520751953125
2020-06-25,88.47613525390625,4.575271129608154,37.06938552856445
2020-06-26,85.75763702392578,4.484220027923584,36.63895797729492
2020-06-29,87.73408508300781,4.560095310211182,36.86811065673828
2020-06-30,88.4664306640625,4.613207817077637,37.091060638427734
2020-07-01,88.29910278320312,4.5373334884643555,37.06319046020508
2020-07-02,88.29910278320312,4.590445041656494,36.914554595947266
2020-07-06,90.66114044189453,4.696671009063721,36.81545639038086
2020-07-07,90.37982177734375,4.643558025360107,39.311317443847656
2020-07-08,92.48477172851562,4.620795249938965,38.53407669067383
2020-07-09,92.88249969482422,4.431107521057129,39.559043884277344
2020-07-10,93.04496765136719,4.628382682800293,40.46635437011719
2020-07-13,92.61571502685547,4.598033905029297,40.107147216796875
2020-07-14,94.14839172363281,4.825658798217773,40.87820053100586
2020-07-15,94.79585266113281,5.113984107971191,40.875099182128906
2020-07-16,93.62940979003906,5.205035209655762,40.937034606933594
2020-07-17,93.44026947021484,5.15950870513916,40.79458999633789
2020-07-20,95.40941619873047,5.05328369140625,40.71098709106445
2020-07-21,94.09260559082031,5.0684590339660645,40.977294921875
2020-07-22,94.3569107055664,5.189858436584473,41.0794792175293
2020-07-23,90.06212615966797,5.296084403991699,40.763633728027344
2020-07-24,89.83902740478516,5.220209121704102,40.6397590637207
2020-07-27,91.96824645996094,5.258146286010742,40.630470275878906
2020-07-28,90.45742797851562,5.318846225738525,40.80078887939453
2020-07-29,92.19134521484375,5.250558853149414,40.469444274902344
2020-07-30,93.30687713623047,5.113984107971191,40.292938232421875
2020-07-31,103.07504272460938,5.015346527099609,40.06998825073242
2020-08-03,105.67229461669922,5.076045513153076,40.039024353027344
2020-08-04,106.37799072265625,5.205035209655762,40.763633728027344
2020-08-05,106.76358032226562,5.280909061431885,40.19694137573242
2020-08-06,110.48845672607422,5.258146286010742,40.05450439453125
2020-08-07,107.9764404296875,5.205035209655762,40.246490478515625
2020-08-10,109.54583740234375,5.379547119140625,40.83794021606445
2020-08-11,106.28797149658203,5.485772132873535,40.317718505859375
2020-08-12,109.82037353515625,5.394721984863281,40.84103775024414
2020-08-13,111.76390838623047,5.33402156829834,40.996498107910156
2020-08-14,111.66433715820312,5.341609477996826,41.22970199584961
2020-08-17,111.37277221679688,5.296084403991699,42.16250991821289
2020-08-18,112.30083465576172,5.22779655456543,41.885772705078125
2020-08-19,112.44172668457031,5.212622165679932,41.170623779296875
2020-08-20,114.93678283691406,5.189858436584473,40.598514556884766
2020-08-21,120.8597640991211,5.05328369140625,40.92810821533203
2020-08-24,122.30528259277344,5.296084403991699,40.8348274230957
2020-08-25,121.30191802978516,5.265735149383545,40.61716079711914
2020-08-26,122.9515151977539,5.174684047698975,40.63893127441406
2020-08-27,121.4817123413086,5.242971420288086,42.482757568359375
2020-08-28,121.284912109375,5.265735149383545,43.6238899230957
2020-08-31,125.3979263305664,5.174684047698975,43.173030853271484
2020-09-01,130.39285278320312,5.182271480560303,45.89059829711914
2020-09-02,127.6912841796875,5.27332067489624,45.918575286865234
2020-09-03,117.46825408935547,5.174684047698975,44.94224548339844
2020-09-04,117.54598236083984,5.235383987426758,44.410545349121094
2020-09-08,109.6357192993164,5.33402156829834,43.04866409301758
2020-09-09,114.00874328613281,5.288496494293213,43.49640655517578
2020-09-10,110.28683471679688,5.242971420288086,42.538734436035156
2020-09-11,108.8388900756836,5.3112592697143555,42.50452423095703
2020-09-14,112.10405731201172,5.402308940887451,42.69730758666992
2020-09-15,112.27897644042969,5.341609477996826,42.709739685058594
2020-09-16,108.96519470214844,5.32643461227417,42.367713928222656
2020-09-17,107.22572326660156,5.523709774017334,42.50141143798828
2020-09-18,103.82450866699219,5.485772132873535,42.06610870361328
2020-09-21,106.97308349609375,5.212622165679932,42.61957550048828
2020-09-22,108.65425109863281,5.144334316253662,43.005126953125
2020-09-23,104.09662628173828,5.038109302520752,42.28377151489258
2020-09-24,105.16555786132812,5.05328369140625,42.50452423095703
2020-09-25,109.1109848022461,4.9394707679748535,42.681766510009766
2020-09-28,111.71533966064453,5.076045513153076,42.675540924072266
2020-09-29,110.8698959350586,5.007759094238281,42.64134216308594
2020-09-30,112.54134368896484,5.05328369140625,43.50263595581055
2020-10-01,113.4936752319336,5.121571063995361,44.488277435302734
2020-10-02,109.83009338378906,5.22779655456543,43.68606948852539
2020-10-05,113.21186065673828,5.32643461227417,44.09028625488281
2020-10-06,109.96614074707031,5.296084403991699,43.726497650146484
2020-10-07,111.83195495605469,5.485772132873535,43.80733108520508
2020-10-08,111.72506713867188,5.576822280883789,43.953468322753906
2020-10-09,113.66859436035156,5.500946044921875,44.3950080871582
2020-10-12,120.888916015625,5.8196234703063965,44.852073669433594
2020-10-13,117.68205261230469,5.88791036605835,45.46772384643555
2020-10-14,117.7695083618164,5.743748188018799,44.75567626953125
2020-10-15,117.30304718017578,5.781684875488281,44.93913650512695
2020-10-16,115.66075134277344,5.8196234703063965,44.9951057434082
2020-10-19,112.70658111572266,5.758923053741455,44.44784927368164
2020-10-20,114.19337463378906,5.872735023498535,44.743255615234375
2020-10-21,113.57144165039062,5.9561967849731445,44.89871597290039
2020-10-22,112.48301696777344,6.229348659515381,44.634429931640625
2020-10-23,111.79307556152344,6.191409587860107,44.727691650390625
2020-10-26,111.80280303955078,6.0927734375,44.20222091674805
2020-10-27,113.30905151367188,6.009311199188232,44.4229850769043
2020-10-28,108.06144714355469,5.8423848152160645,43.54304504394531
2020-10-29,112.06517791748047,5.994134902954102,43.50572204589844
2020-10-30,105.78750610351562,5.865147590637207,43.14194107055664
2020-11-02,105.70004272460938,5.849973201751709,43.65498352050781
2020-11-03,107.32291412353516,5.978959560394287,44.3950080871582
2020-11-04,111.70562744140625,5.7968597412109375,44.140045166015625
2020-11-05,115.67044830322266,6.062422752380371,44.60954284667969
2020-11-06,115.53907012939453,5.910673141479492,45.324684143066406
2020-11-09,113.23197937011719,6.2217607498168945,44.63131332397461
2020-11-10,112.89125061035156,6.358335494995117,45.2593994140625
2020-11-11,116.31780242919922,6.320398330688477,46.01184844970703
2020-11-12,116.04523468017578,6.229348659515381,46.0895881652832
2020-11-13,116.09391021728516,6.479735851287842,46.80784225463867
2020-11-16,117.10630798339844,6.677011966705322,47.39861297607422
2020-11-17,116.22047424316406,6.639073848724365,46.44404983520508
2020-11-18,114.8965835571289,6.692188262939453,46.35699462890625
2020-11-19,115.49037170410156,6.692188262939453,47.29911422729492
2020-11-20,114.22489166259766,6.631485939025879,46.71456527709961
2020-11-23,110.82755279541016,6.722535610198975,46.92910385131836
2020-11-24,112.11249542236328,7.170201301574707,47.06280517578125
2020-11-25,112.94966125488281,6.889459609985352,47.208953857421875
2020-11-27,113.49479675292969,6.8970489501953125,47.137428283691406
2020-11-30,115.8895034790039,6.889459609985352,47.507442474365234
2020-12-01,119.4620590209961,7.010861873626709,47.4608039855957
2020-12-02,119.81251525878906,6.980511665344238,46.80161666870117
2020-12-03,119.6762466430664,6.988099098205566,46.422279357910156
2020-12-04,119.00454711914062,7.086737155914307,46.301025390625
2020-12-07,120.46471405029297,6.995687961578369,46.052268981933594
2020-12-08,121.07799530029297,7.018449783325195,46.46892166137695
2020-12-09,118.5470199584961,7.170201301574707,46.10202407836914
2020-12-10,119.96825408935547,6.91981315612793,45.88669967651367
2020-12-11,119.1603012084961,6.843937873840332,45.87422180175781
2020-12-14,118.5470199584961,6.760473251342773,45.452919006347656
2020-12-15,124.4850845336914,6.9425740242004395,45.43107986450195
2020-12-16,124.41693878173828,6.859111309051514,45.38426208496094
2020-12-17,125.28328704833984,6.889459609985352,45.59334945678711
2020-12-18,123.2974624633789,6.790823459625244,45.546546936035156
2020-12-21,124.8257827758789,6.7756500244140625,45.55278396606445
2020-12-22,128.37889099121094,6.6694254875183105,45.00041580200195
2020-12-23,127.48333740234375,6.821174144744873,44.69459533691406
2020-12-24,128.46649169921875,6.722535610198975,44.78196716308594
2020-12-28,133.0612030029297,6.745299339294434,45.318729400634766
2020-12-29,131.28953552246094,6.692188262939453,45.03162384033203
2020-12-30,130.1700439453125,6.722535610198975,44.99418258666992
2020-12-31,129.16737365722656,6.6694254875183105,44.98481750488281
2021-01-04,125.97449493408203,6.464561939239502,45.7275390625
2021-01-05,127.53196716308594,6.563198566436768,45.484134674072266
2021-01-06,123.23906707763672,6.707361221313477,45.76810836791992
2021-01-07,127.44438934326172,6.8742876052856445,45.764984130859375
2021-01-08,128.54440307617188,6.828761100769043,45.758750915527344
2021-01-11,125.55587005615234,7.056387901306152,45.96470642089844
2021-01-12,125.38067626953125,7.420588493347168,46.48898696899414
2021-01-13,127.41516876220703,7.420588493347168,46.01464080810547
2021-01-14,125.48775482177734,7.716500759124756,45.86484909057617
2021-01-15,123.76473236083984,7.458526134490967,45.137733459472656
2021-01-19,124.43641662597656,7.602689266204834,44.74764633178711
2021-01-20,128.52493286132812,8.240039825439453,45.40922164916992
2021-01-21,133.23643493652344,8.748401641845703,45.20326232910156
2021-01-22,135.37799072265625,8.740817070007324,45.66512680053711
2021-01-25,139.1258087158203,8.566302299499512,45.62455368041992
2021-01-26,139.35946655273438,8.490426063537598,46.033363342285156
2021-01-27,138.28860473632812,8.186928749084473,44.88806915283203
2021-01-28,133.45057678222656,8.133813858032227,44.859989166259766
2021-01-29,128.45677185058594,7.989648818969727,43.84264373779297
2021-02-01,130.578857421875,8.217278480529785,43.461917877197266
2021-02-02,131.40631103515625,8.240039825439453,43.930023193359375
2021-02-03,130.38421630859375,8.498014450073242,44.064208984375
2021-02-04,133.7425994873047,8.627001762390137,44.479251861572266
2021-02-05,133.32827758789062,8.733230590820312,45.050350189208984
2021-02-08,133.4744873046875,8.77116584777832,45.25944137573242
2021-02-09,132.59710693359375,9.051902770996094,45.509090423583984
2021-02-10,131.99264526367188,8.9229154586792,44.97857666015625
2021-02-11,131.7391815185547,8.687701225280762,44.944244384765625
2021-02-12,131.97312927246094,8.687701225280762,45.08467483520508
2021-02-16,129.8478240966797,8.755990028381348,45.45604705810547
2021-02-17,127.55681610107422,8.710466384887695,45.93663024902344
2021-02-18,126.4552001953125,8.672529220581055,42.95948028564453
2021-02-19,126.61114501953125,8.786340713500977,43.17169189453125
2021-02-22,122.83826446533203,8.877388954162598,42.96884536743164
2021-02-23,122.70177459716797,8.816689491271973,42.27605438232422
2021-02-24,122.20458221435547,9.309877395629883,41.57075881958008
2021-02-25,117.95399475097656,8.9229154586792,41.17757034301758
2021-02-26,118.21721649169922,8.877388954162598,40.5440673828125
2021-03-01,124.5833740234375,9.08984088897705,40.99656295776367
2021-03-02,121.98036193847656,9.522329330444336,40.60335922241211
2021-03-03,118.99714660644531,9.234003067016602,39.81694030761719
2021-03-04,117.11557006835938,9.051902770996094,39.7982177734375
2021-03-05,118.37320709228516,9.309877395629883,40.29440689086914
2021-03-08,113.440185546875,9.598203659057617,39.90744400024414
2021-03-09,118.05147552490234,9.537505149841309,40.22262954711914
2021-03-10,116.96934509277344,9.795478820800781,41.24934387207031
2021-03-11,118.89964294433594,9.719605445861816,41.233741760253906
2021-03-12,117.99299621582031,10.14450454711914,41.85477066040039
2021-03-15,120.87870788574219,10.015518188476562,41.639434814453125
2021-03-16,122.41905975341797,9.47680377960205,41.62694549560547
2021-03-17,121.62939453125,9.62855339050293,41.280548095703125
2021-03-18,117.50553131103516,9.47680377960205,40.741546630859375
2021-03-19,116.97908782958984,9.734777450561523,41.28368377685547
2021-03-22,120.29376220703125,9.749954223632812,41.48110580444336
2021-03-23,119.46509552001953,9.26435375213623,41.973106384277344
2021-03-24,117.07657623291016,9.211240768432617,41.71299743652344
2021-03-25,117.56403350830078,9.347817420959473,41.99502944946289
2021-03-26,118.16844940185547,9.332639694213867,42.34601974487305
2021-03-29,118.34396362304688,9.218827247619629,42.828609466552734
2021-03-30,116.8913345336914,9.45404052734375,42.53717041015625
2021-03-31,119.08489227294922,9.294703483581543,42.56538391113281
2021-04-01,119.91355895996094,9.234003067016602,42.49957275390625
2021-04-05,122.74076843261719,9.636139869689941,43.69350814819336
2021-04-06,123.04301452636719,9.803067207336426,43.903480529785156
2021-04-07,124.69059753417969,9.658902168273926,43.80946350097656
2021-04-08,127.0888671875,9.49198055267334,43.7812614440918
2021-04-09,129.66262817382812,9.49198055267334,43.80320358276367
2021-04-12,127.9468002319336,9.393342018127441,43.80946350097656
2021-04-13,131.05670166015625,9.256765365600586,43.674720764160156
2021-04-14,128.7169952392578,9.287116050720215,43.6590461730957
2021-04-15,131.1249542236328,9.287116050720215,43.92228317260742
2021-04-16,130.79351806640625,9.279528617858887,44.063297271728516
2021-04-19,131.45643615722656,9.188478469848633,43.7812614440918
2021-04-20,129.7698516845703,8.687701225280762,44.11971664428711
2021-04-21,130.1501007080078,8.900151252746582,44.24818801879883
2021-04-22,128.62921142578125,9.059490203857422,43.76873016357422
2021-04-23,130.9495086669922,9.271941184997559,43.84080505371094
2021-04-26,131.33946228027344,9.309877395629883,43.21719741821289
2021-04-27,131.01771545410156,9.47680377960205,43.364479064941406
2021-04-28,130.2280731201172,9.431280136108398,43.2109260559082
2021-04-29,130.13055419921875,8.543540954589844,43.75619125366211
2021-04-30,128.16123962402344,8.755990028381348,43.843936920166016
2021-05-03,129.21420288085938,8.824277877807617,44.5364875793457
2021-05-04,124.641845703125,8.657353401184082,44.09777069091797
2021-05-05,124.88558197021484,8.809102058410645,44.0601692199707
2021-05-06,126.48444366455078,8.907739639282227,44.37476348876953
2021-05-07,127.1582260131836,8.968440055847168,44.10735321044922
2021-05-10,123.87702178955078,8.884978294372559,44.302406311035156
2021-05-11,122.95904541015625,8.786340713500977,43.902862548828125
2021-05-12,119.89263916015625,8.596651077270508,42.76713562011719
2021-05-13,122.04105377197266,8.763577461242676,43.49073791503906
2021-05-14,124.46293640136719,8.98361587524414,43.8934211730957
2021-05-17,123.31058502197266,9.218827247619629,43.695220947265625
2021-05-18,121.92387390136719,9.211240768432617,44.64532470703125
2021-05-19,121.76762390136719,9.188478469848633,44.648468017578125
2021-05-20,124.32621765136719,9.47680377960205,44.80577087402344
2021-05-21,122.49028015136719,10.114155769348145,44.594993591308594
2021-05-24,124.12113952636719,9.909292221069336,44.598140716552734
2021-05-25,123.92584228515625,9.719605445861816,44.780609130859375
2021-05-26,123.87702178955078,10.54664134979248,44.72711944580078
2021-05-27,122.34381103515625,11.290221214294434,44.57611846923828
2021-05-28,121.68950653076172,11.024658203125,44.683074951171875
2021-06-01,121.36724090576172,11.237107276916504,44.56667709350586
2021-06-02,122.12895202636719,11.312981605529785,44.469146728515625
2021-06-03,120.64456939697266,12.132433891296387,44.54779815673828
2021-06-04,122.93949127197266,12.11725902557373,44.62644958496094
2021-06-07,122.94924926757812,12.048968315124512,44.32757568359375
2021-06-08,123.76958465576172,11.859284400939941,43.99095916748047
2021-06-09,124.15045166015625,11.74547004699707,43.7549934387207
2021-06-10,123.15435791015625,11.464733123779297,44.00667953491211
2021-06-11,124.36528015136719,11.593719482421875,44.28038787841797
2021-06-14,127.42193603515625,11.282631874084473,44.22060775756836
2021-06-15,126.60160064697266,11.381268501281738,44.044437408447266
2021-06-16,127.0996322631836,11.396446228027344,43.14781951904297
2021-06-17,128.70123291015625,11.206757545471191,43.32714080810547
2021-06-18,127.40241241455078,11.017068862915039,42.524906158447266
2021-06-21,129.1992645263672,11.214344024658203,42.91187286376953
2021-06-22,130.8398895263672,11.312981605529785,43.11005783081055
2021-06-23,130.5664520263672,11.699946403503418,42.77344512939453
2021-06-24,130.28326416015625,11.578546524047852,43.07231140136719
2021-06-25,129.9902801513672,11.525432586669922,43.581966400146484
2021-06-28,131.62115478515625,11.350918769836426,43.446693420410156
2021-06-29,133.13479614257812,11.388858795166016,43.195003509521484
2021-06-30,133.7500762939453,11.275046348571777,44.36532974243164
2021-07-01,134.05279541015625,11.312981605529785,43.83050537109375
2021-07-02,136.67974853515625,11.328157424926758,44.07904052734375
2021-07-06,138.69146728515625,11.00189208984375,44.02556228637695
2021-07-07,141.1816864013672,10.797030448913574,43.95319366455078
2021-07-08,139.88287353515625,10.66804313659668,43.91545104980469
2021-07-09,141.7090301513672,10.986717224121094,44.138816833496094
2021-07-12,141.1133270263672,11.085355758666992,44.0601692199707
2021-07-13,142.2266082763672,10.941193580627441,44.226905822753906
2021-07-14,145.65432739257812,10.812207221984863,44.53207778930664
2021-07-15,145.00006103515625,10.630105972290039,44.56667709350586
2021-07-16,142.9590301513672,10.326606750488281,44.53520965576172
2021-07-19,139.11135864257812,10.076218605041504,44.431400299072266
2021-07-20,142.7246551513672,10.554231643676758,44.63274383544922
2021-07-21,141.9922332763672,10.766680717468262,44.41251754760742
2021-07-22,143.35943603515625,10.554231643676758,44.44397735595703
2021-07-23,145.07818603515625,10.485942840576172,44.808921813964844
2021-07-26,145.49810791015625,10.645278930664062,44.8718376159668
2021-07-27,143.33013916015625,10.463180541992188,44.8749885559082
2021-07-28,141.5820770263672,10.516292572021484,44.6925163269043
2021-07-29,142.2266082763672,10.918431282043457,44.7491455078125
2021-07-30,142.44146728515625,10.584579467773438,44.8466682434082
2021-08-02,142.10943603515625,10.554231643676758,44.742855072021484
2021-08-03,143.9063262939453,10.63769245147705,45.246212005615234
2021-08-04,143.50592041015625,10.1065673828125,44.937904357910156
2021-08-05,143.6133270263672,10.402482986450195,45.77159881591797
2021-08-06,142.92872619628906,10.470767974853516,45.6898078918457
2021-08-09,142.8798370361328,10.432830810546875,45.799922943115234
2021-08-10,142.40061950683594,10.485942840576172,46.775184631347656
2021-08-11,142.6548614501953,10.569404602050781,47.19361114501953
2021-08-12,145.61830139160156,10.54664134979248,47.06730651855469
2021-08-13,145.8236846923828,10.311429977416992,47.21570587158203
2021-08-16,147.79930114746094,10.21279239654541,47.600948333740234
2021-08-17,146.88975524902344,9.856179237365723,47.58515548706055
2021-08-18,143.1439208984375,9.86376953125,47.07994079589844
2021-08-19,143.47642517089844,9.61337947845459,47.39885330200195
2021-08-20,144.93365478515625,9.537505149841309,47.82197189331055
2021-08-23,146.42027282714844,9.658902168273926,47.50621032714844
2021-08-24,146.33221435546875,9.924467086791992,47.016780853271484
2021-08-25,145.09994506835938,9.992755889892578,47.035728454589844
2021-08-26,144.29795837402344,9.78789234161377,46.52735137939453
2021-08-27,145.33468627929688,10.098978996276855,46.2652702331543
2021-08-30,149.75531005859375,9.901707649230957,46.637874603271484
2021-08-31,148.49368286132812,9.886528968811035,46.76417922973633
2021-09-01,149.15872192382812,9.947229385375977,46.66312789916992
2021-09-02,150.27369689941406,9.871355056762695,46.90943145751953
2021-09-03,150.909423828125,9.780305862426758,47.1273078918457
2021-09-07,153.2469024658203,9.82582950592041,46.50210189819336
2021-09-08,151.70159912109375,9.886528968811035,46.56208419799805
2021-09-09,150.68446350097656,9.68166732788086,46.23370361328125
2021-09-10,145.69654846191406,9.620967864990234,46.066341400146484
2021-09-13,146.2637481689453,9.856179237365723,45.804264068603516
2021-09-14,144.86517333984375,9.757540702819824,45.56428527832031
2021-09-15,145.7552032470703,10.030693054199219,45.643226623535156
2021-09-16,145.52047729492188,10.167265892028809,45.7947883605957
2021-09-17,142.8504638671875,10.281083106994629,45.70005798339844
2021-09-20,139.79905700683594,9.727190017700195,45.07170104980469
2021-09-21,140.2782745361328,9.689253807067871,45.16011047363281
2021-09-22,142.64511108398438,10.038280487060547,45.055912017822266
2021-09-23,143.6035614013672,10.402482986450195,45.081172943115234
2021-09-24,143.6916046142578,10.45559310913086,45.20747375488281
2021-09-27,142.1756134033203,10.743917465209961,44.91697311401367
2021-09-28,138.7916717529297,10.857731819152832,44.3643913269043
2021-09-29,139.69146728515625,10.850142478942871,44.3454475402832
2021-09-30,138.3907012939453,10.743917465209961,44.010746002197266
2021-10-01,139.51539611816406,10.743917465209961,43.2750129699707
2021-10-04,136.08253479003906,10.888081550598145,42.85820770263672
2021-10-05,138.00926208496094,10.84255599975586,43.139244079589844
2021-10-06,138.87969970703125,10.713567733764648,43.45500564575195
2021-10-07,140.14134216308594,11.297808647155762,43.9665412902832
2021-10-08,139.75990295410156,11.472319602966309,44.09914779663086
2021-10-11,139.67189025878906,11.44955825805664,44.058101654052734
2021-10-12,138.4004669189453,11.866870880126953,44.010746002197266
2021-10-13,137.81365966796875,11.768233299255371,43.69182205200195
2021-10-14,140.60104370117188,11.722707748413086,44.165462493896484
2021-10-15,141.6573028564453,11.912393569946289,44.38017654418945
2021-10-18,143.32972717285156,11.806169509887695,44.73698806762695
2021-10-19,145.4911651611328,11.699946403503418,45.687435150146484
2021-10-20,145.9801788330078,12.170372009277344,46.10108184814453
2021-10-21,146.1953125,12.557334899902344,46.35684585571289
2021-10-22,145.4226837158203,12.352471351623535,46.83995819091797
2021-10-25,145.37379455566406,12.140020370483398,47.3830680847168
2021-10-26,146.03884887695312,12.094496726989746,46.96942138671875
2021-10-27,145.57920837402344,11.768233299255371,46.58418655395508
2021-10-28,149.2174530029297,12.792547225952148,46.874691009521484
2021-10-29,146.50831604003906,12.959471702575684,47.18097686767578
2021-11-01,145.686767578125,13.619590759277344,47.29781723022461
2021-11-02,146.7234649658203,13.66511058807373,47.27571105957031
2021-11-03,148.16116333007812,14.135536193847656,47.420955657958984
2021-11-04,147.642822265625,14.73495101928711,47.76829528808594
2021-11-05,148.1717071533203,14.63631534576416,47.436744689941406
2021-11-08,147.34898376464844,15.288837432861328,47.13361740112305
2021-11-09,147.71139526367188,15.266077041625977,47.29781723022461
2021-11-10,144.88075256347656,14.689428329467773,46.87153625488281
2021-11-11,144.83175659179688,14.833589553833008,46.890480041503906
2021-11-12,146.90823364257812,14.795650482177734,46.656822204589844
2021-11-15,146.91802978515625,15.068802833557129,46.388427734375
2021-11-16,147.8974609375,15.0156888961792,45.20747375488281
2021-11-17,150.3363037109375,15.144678115844727,44.8190803527832
2021-11-18,154.6262969970703,14.91590404510498,45.204322814941406
2021-11-19,157.251220703125,14.786267280578613,44.96117401123047
2021-11-22,157.7115936279297,15.617469787597656,45.715858459472656
2021-11-23,158.0935821533203,15.403951644897461,46.04107666015625
2021-11-24,158.61265563964844,15.442079544067383,46.27158737182617
2021-11-26,153.58811950683594,15.060790061950684,45.75373458862305
2021-11-29,156.94760131835938,14.999786376953125,45.03696060180664
2021-11-30,161.90365600585938,14.63375473022461,44.40544128417969
2021-12-01,161.384521484375,14.931154251098633,43.303436279296875
2021-12-02,160.395263671875,15.152304649353027,42.7761116027832
2021-12-03,158.5147247314453,14.595623970031738,43.42026901245117
2021-12-06,161.9232635498047,14.656628608703613,43.8907470703125
2021-12-07,167.662841796875,15.220932960510254,43.748661041259766
2021-12-08,171.4827117919922,15.106547355651855,43.30659866333008
2021-12-09,170.973388671875,14.923527717590332,43.90895462036133
2021-12-10,175.7628936767578,16.357166290283203,44.7110481262207
2021-12-13,172.12913513183594,15.57934284210205,45.51631546020508
2021-12-14,170.7480926513672,15.28956413269043,45.95064163208008
2021-12-15,175.61602783203125,15.396327018737793,46.21377944946289
2021-12-16,168.72064208984375,15.518335342407227,45.443389892578125
2021-12-17,167.62368774414062,15.076045989990234,43.98821258544922
2021-12-20,166.26222229003906,14.8091459274292,44.13087463378906
2021-12-21,169.4356689453125,14.954031944274902,44.264034271240234
2021-12-22,172.03121948242188,15.358196258544922,44.321102142333984
2021-12-23,172.65805053710938,15.442079544067383,44.222816467285156
2021-12-27,176.6248016357422,15.861495971679688,44.625450134277344
2021-12-28,175.60621643066406,15.830994606018066,45.2658576965332
2021-12-29,175.6943359375,15.678473472595215,45.243656158447266
2021-12-30,174.53860473632812,15.609846115112305,45.389495849609375
2021-12-31,173.92156982421875,15.838617324829102,45.87138748168945
2022-01-03,178.27027893066406,16.601186752319336,45.858699798583984
2022-01-04,176.00779724121094,18.538122177124023,45.0185661315918
2022-01-05,171.32598876953125,18.042448043823242,45.62726593017578
2022-01-06,168.4659881591797,18.652503967285156,45.500465393066406
2022-01-07,168.63250732421875,18.637258529663086,45.93478775024414
2022-01-10,168.65206909179688,18.18733787536621,45.84602355957031
2022-01-11,171.4827117919922,18.568626403808594,45.716033935546875
2022-01-12,171.92344665527344,18.660131454467773,45.475093841552734
2022-01-13,168.65206909179688,19.07954978942871,46.1186637878418
2022-01-14,169.51400756835938,19.209184646606445,45.98868942260742
2022-01-18,166.31118774414062,18.59149932861328,45.18342590332031
2022-01-19,162.81454467773438,17.11973762512207,45.633609771728516
2022-01-20,161.12986755371094,16.509679794311523,44.77128601074219
2022-01-21,159.07302856445312,15.74710750579834,44.444740295410156
2022-01-24,158.29925537109375,15.548835754394531,44.447906494140625
2022-01-25,156.4970703125,15.236186981201172,43.4809684753418
2022-01-26,156.40892028808594,15.182806968688965,43.03712463378906
2022-01-27,155.9485626220703,14.908279418945312,43.06564712524414
2022-01-28,166.83029174804688,14.977264404296875,43.598262786865234
2022-01-31,171.18887329101562,15.559796333312988,44.32426834106445
2022-02-01,171.0223846435547,15.835736274719238,44.67300033569336
2022-02-02,172.2270965576172,15.812742233276367,44.65397644042969
2022-02-03,169.34747314453125,15.245532989501953,44.6983642578125
2022-02-04,169.06309509277344,13.766202926635742,44.172096252441406
2022-02-07,168.34718322753906,13.712552070617676,43.73776626586914
2022-02-08,171.45602416992188,13.582245826721191,43.74727249145508
2022-02-09,172.8780059814453,14.06513786315918,43.652164459228516
2022-02-10,168.79835510253906,13.858185768127441,43.1417350769043
2022-02-11,165.38546752929688,13.451944351196289,42.903961181640625
2022-02-14,165.62081909179688,13.382957458496094,42.46645736694336
2022-02-15,169.4553985595703,13.858185768127441,42.599613189697266
2022-02-16,169.2200469970703,13.80453109741211,42.33330154418945
2022-02-17,165.62081909179688,13.444281578063965,44.029422760009766
2022-02-18,164.07131958007812,13.827527046203613,43.74727249145508
2022-02-22,161.1488800048828,13.252656936645508,43.25904083251953
2022-02-23,156.9808807373047,12.992047309875488,42.8151969909668
2022-02-24,159.5993194580078,13.145347595214844,42.65032958984375
2022-02-25,161.66860961914062,13.666560173034668,43.236839294433594
2022-02-28,161.9333953857422,13.459606170654297,42.85006332397461
2022-03-01,160.05039978027344,12.800423622131348,43.11320495605469
2022-03-02,163.34561157226562,13.873515129089355,43.16709518432617
2022-03-03,163.02197265625,13.490267753601074,44.15940475463867
2022-03-04,160.02101135253906,12.915399551391602,45.27853012084961
2022-03-07,156.2257080078125,12.240885734558105,44.913944244384766
2022-03-08,154.40162658691406,12.286874771118164,43.98504638671875
2022-03-09,159.80526733398438,12.547483444213867,44.21330642700195
2022-03-10,155.46078491210938,12.516822814941406,45.218299865722656
2022-03-11,151.74392700195312,12.294540405273438,45.04076385498047
2022-03-14,147.71324157714844,12.064592361450195,45.66847610473633
2022-03-15,152.0969696044922,12.309868812561035,46.216949462890625
2022-03-16,156.5101318359375,12.708444595336914,46.08062744140625
2022-03-17,157.52024841308594,12.708444595336914,46.15065383911133
2022-03-18,160.81541442871094,12.923064231872559,46.2874870300293
2022-03-21,162.1884002685547,12.631795883178711,45.902400970458984
2022-03-22,165.56202697753906,13.099356651306152,45.76554489135742
2022-03-23,166.9251708984375,12.785094261169434,45.17677307128906
2022-03-24,170.71070861816406,12.900068283081055,45.45683670043945
2022-03-25,171.34814453125,12.624130249023438,45.65415954589844
2022-03-28,172.21116638183594,12.777430534362793,46.4657096862793
2022-03-29,175.50631713867188,13.605240821838379,46.857177734375
2022-03-30,174.33929443359375,13.237323760986328,47.6973762512207
2022-03-31,171.2402801513672,12.961390495300293,47.39502716064453
2022-04-01,170.946044921875,12.76209831237793,48.06018829345703
2022-04-04,174.996337890625,12.769766807556152,48.06974411010742
2022-04-05,171.6815643310547,12.125909805297852,48.20659255981445
2022-04-06,168.513916015625,11.796320915222168,49.326866149902344
2022-04-07,168.8179473876953,11.466727256774902,49.820159912109375
2022-04-08,166.80747985839844,11.535711288452148,50.097042083740234
2022-04-11,162.55126953125,11.712003707885742,49.10408401489258
2022-04-12,164.4243927001953,11.773324966430664,48.7667236328125
2022-04-13,167.11148071289062,11.888298988342285,50.03657913208008
2022-04-14,162.10009765625,11.865304946899414,49.99202346801758
2022-04-18,161.88436889648438,12.01093578338623,49.610103607177734
2022-04-19,164.16940307617188,12.378853797912598,50.173423767089844
2022-04-20,164.002685546875,12.302204132080078,50.8035774230957
2022-04-21,163.2082977294922,12.033931732177734,50.87995910644531
2022-04-22,158.6676483154297,11.597031593322754,49.9220085144043
2022-04-25,159.7366485595703,11.720484733581543,49.94746017456055
2022-04-26,153.77394104003906,11.350123405456543,49.42551803588867
2022-04-27,153.54840087890625,11.458144187927246,49.088165283203125
2022-04-28,160.48196411132812,11.280678749084473,49.71514129638672
2022-04-29,154.60760498046875,10.925745010375977,48.69034194946289
2022-05-02,154.91156005859375,11.010621070861816,48.36890411376953
2022-05-03,156.40223693847656,11.234383583068848,48.53758239746094
2022-05-04,162.8160400390625,11.558451652526855,49.2091064453125
2022-05-05,153.7445526123047,11.211235046386719,48.787479400634766
2022-05-06,154.4713134765625,10.964323997497559,47.7717399597168
2022-05-09,149.34454345703125,10.316186904907227,48.33072280883789
2022-05-10,151.75079345703125,10.300758361816406,47.65036392211914
2022-05-11,143.8838653564453,9.899527549743652,47.152076721191406
2022-05-12,140.01419067382812,9.598607063293457,47.10736083984375
2022-05-13,144.4829559326172,10.416494369506836,47.2894172668457
2022-05-16,142.9409637451172,10.069279670715332,47.340518951416016
2022-05-17,146.57492065429688,10.439642906188965,41.95518112182617
2022-05-18,138.30526733398438,9.860947608947754,39.10600280761719
2022-05-19,134.89723205566406,9.914959907531738,38.03276443481445
2022-05-20,135.13294982910156,9.644903182983398,38.07429504394531
2022-05-23,140.55438232421875,9.899527549743652,39.16030502319336
2022-05-24,137.8534698486328,9.583173751831055,39.64901351928711
2022-05-25,138.01063537597656,9.806936264038086,39.406253814697266
2022-05-26,141.21238708496094,10.123290061950684,40.24631881713867
2022-05-27,146.9677734375,10.516800880432129,41.03847122192383
2022-05-31,146.18202209472656,10.55538272857666,41.08638000488281
2022-06-01,146.05438232421875,10.455076217651367,40.07063674926758
2022-06-02,148.50975036621094,10.717416763305664,40.728633880615234
2022-06-03,142.7838592529297,10.416494369506836,40.02910614013672
2022-06-06,143.53025817871094,10.385631561279297,39.8853759765625
2022-06-07,146.05438232421875,10.601679801940918,39.406253814697266
2022-06-08,145.31776428222656,10.439642906188965,39.06447219848633
2022-06-09,140.09278869628906,10.246745109558105,38.65563201904297
2022-06-10,134.68118286132812,9.837801933288574,38.872833251953125
2022-06-13,129.5249481201172,9.112506866455078,38.14137268066406
2022-06-14,130.38919067382812,9.41342544555664,38.157344818115234
2022-06-15,133.0115203857422,9.467437744140625,38.131778717041016
2022-06-16,127.73737335205078,8.680413246154785,38.52786636352539
2022-06-17,129.2106475830078,8.664981842041016,37.783626556396484
2022-06-21,133.4436492919922,8.842446327209473,39.022953033447266
2022-06-22,132.93296813964844,8.857877731323242,38.55022430419922
2022-06-23,135.8008270263672,8.919607162475586,39.486114501953125
2022-06-24,139.13026428222656,9.266822814941406,39.51805877685547
2022-06-27,139.13026428222656,9.289971351623535,39.64581298828125
2022-06-28,134.98562622070312,9.112506866455078,39.08684158325195
2022-06-29,136.74363708496094,8.888742446899414,38.94309616088867
2022-06-30,134.27850341796875,8.587821960449219,38.83449935913086
2022-07-01,136.44900512695312,8.734423637390137,39.16988754272461
2022-07-05,139.03204345703125,8.64183521270752,39.68733596801758
2022-07-06,140.3677215576172,8.533811569213867,39.96842575073242
2022-07-07,143.7364959716797,8.989048957824707,40.02910614013672
2022-07-08,144.41421508789062,8.965901374816895,40.054664611816406
2022-07-11,142.28294372558594,8.711275100708008,40.07063674926758
2022-07-12,143.25526428222656,8.919607162475586,39.94926071166992
2022-07-13,142.89187622070312,8.881026268005371,40.04507827758789
2022-07-14,145.8186798095703,8.788434982299805,40.82764434814453
2022-07-15,147.48834228515625,9.166515350341797,41.2269172668457
2022-07-18,144.44371032714844,9.228240966796875,41.131099700927734
2022-07-19,148.303466796875,9.714345932006836,41.38344192504883
2022-07-20,150.30702209472656,9.822370529174805,41.72840118408203
2022-07-21,152.5758056640625,10.030698776245117,42.33848571777344
2022-07-22,151.33831787109375,9.891813278198242,42.229888916015625
2022-07-25,150.21864318847656,9.907244682312012,42.16919708251953
2022-07-26,148.89276123046875,9.675766944885254,38.96226501464844
2022-07-27,153.9900665283203,10.177301406860352,40.43476867675781
2022-07-28,154.5400848388672,10.802291870117188,41.444129943847656
2022-07-29,159.60794067382812,11.33469009399414,42.17878341674805
2022-08-01,158.6257781982422,11.836225509643555,42.335289001464844
2022-08-02,157.15257263183594,11.697338104248047,42.38001251220703
2022-08-03,163.16331481933594,12.106281280517578,41.68368148803711
2022-08-04,162.8489990234375,11.85937213897705,40.108970642089844
2022-08-05,162.62278747558594,11.805360794067383,40.43157196044922
2022-08-08,162.1507110595703,12.175726890563965,40.76057052612305
2022-08-09,162.1998748779297,11.720484733581543,41.16303634643555
2022-08-10,166.44866943359375,12.078957557678223,41.2492790222168
2022-08-11,165.71102905273438,12.336122512817383,41.64707565307617
2022-08-12,169.26144409179688,12.608874320983887,42.417015075683594
2022-08-15,170.33348083496094,12.717974662780762,42.53892135620117
2022-08-16,170.17611694335938,12.80369758605957,44.71078109741211
2022-08-17,171.67103576660156,12.491981506347656,44.7588996887207
2022-08-18,171.27767944335938,12.58549690246582,44.614532470703125
2022-08-19,168.69105529785156,12.375086784362793,43.956886291503906
2022-08-22,164.8061981201172,11.751657485961914,43.170902252197266
2022-08-23,164.47177124023438,11.93868637084961,42.98804473876953
2022-08-24,164.76683044433594,12.094545364379883,43.299232482910156
2022-08-25,167.2255859375,12.41405200958252,43.58795928955078
2022-08-26,160.92127990722656,12.00882339477539,42.218116760253906
2022-08-29,158.71826171875,12.133508682250977,42.628746032714844
2022-08-30,156.2890167236328,12.039993286132812,42.500431060791016
2022-08-31,154.62693786621094,11.8763427734375,42.52287673950195
2022-09-01,155.3546600341797,11.83737850189209,43.142032623291016
2022-09-02,153.24012756347656,11.814001083374023,42.66724395751953
2022-09-06,151.9812469482422,11.712693214416504,42.455509185791016
2022-09-07,153.3876495361328,12.024410247802734,43.54624938964844
2022-09-08,151.9124298095703,12.055580139160156,43.767608642578125
2022-09-09,154.7744140625,12.01661491394043,43.899139404296875
2022-09-12,160.7344512939453,12.11013126373291,44.29373550415039
2022-09-13,151.30264282226562,11.486699104309082,43.37942886352539
2022-09-14,152.74838256835938,11.424358367919922,43.28318786621094
2022-09-15,149.8568572998047,11.603593826293945,42.81802749633789
2022-09-16,148.21446228027344,11.471114158630371,42.72819519042969
2022-09-19,151.93206787109375,11.634764671325684,43.09391784667969
2022-09-20,154.31214904785156,10.200875282287598,42.84368896484375
2022-09-21,151.18460083007812,10.16970443725586,43.23506546020508
2022-09-22,150.22080993652344,9.951501846313477,42.792354583740234
2022-09-23,147.9488983154297,9.593029975891113,41.72407531738281
2022-09-26,148.2832794189453,9.343659400939941,42.125083923339844
2022-09-27,149.2569122314453,9.281316757202148,42.00959014892578
2022-09-28,147.36862182617188,9.491722106933594,42.70252990722656
2022-09-29,140.1300048828125,8.938430786132812,42.426639556884766
2022-09-30,135.92059326171875,8.728023529052734,41.608585357666016
2022-10-03,140.10047912597656,8.938430786132812,42.51646041870117
2022-10-04,143.69032287597656,9.63199520111084,43.0682487487793
2022-10-05,143.98533630371094,9.74888801574707,42.64158248901367
2022-10-06,143.03135681152344,9.63199520111084,42.243778228759766
2022-10-07,137.7794189453125,9.507309913635254,41.24286651611328
2022-10-10,138.1039581298828,8.85270881652832,41.48667526245117
2022-10-11,136.68772888183594,9.008565902709961,42.56138229370117
2022-10-12,136.0582733154297,8.992979049682617,42.080162048339844
2022-10-13,140.631591796875,9.172216415405273,42.4362678527832
2022-10-14,136.09764099121094,9.09428596496582,41.84276580810547
2022-10-17,140.0611572265625,9.218973159790039,42.14432907104492
2022-10-18,141.3790740966797,9.374832153320312,43.03296661376953
2022-10-19,141.4872589111328,9.4527587890625,42.91105651855469
2022-10-20,141.0249786376953,9.172216415405273,43.01691818237305
2022-10-21,144.8409881591797,9.499516487121582,43.88630676269531
2022-10-24,146.98501586914062,9.725508689880371,44.72361755371094
2022-10-25,149.82737731933594,9.998259544372559,44.93534469604492
2022-10-26,146.88670349121094,9.990468978881836,45.278602600097656
2022-10-27,142.4117431640625,10.130739212036133,45.14706802368164
2022-10-28,153.17129516601562,10.333353996276855,45.71811294555664
2022-10-31,150.81089782714844,10.419075012207031,45.66036605834961
2022-11-01,148.16522216796875,10.442455291748047,45.45504379272461
2022-11-02,142.63795471191406,10.177497863769531,45.15348815917969
2022-11-03,136.58938598632812,10.333353996276855,45.14387130737305
2022-11-04,136.3234100341797,10.528176307678223,45.22406768798828
2022-11-07,136.85537719726562,10.676239967346191,45.69886016845703
2022-11-08,137.42674255371094,10.691825866699219,45.80793762207031
2022-11-09,132.8655548095703,10.372318267822266,44.74285888671875
2022-11-10,144.68719482421875,11.050300598144531,45.66999435424805
2022-11-11,147.47515869140625,11.299670219421387,45.74057388305664
2022-11-14,146.0762481689453,11.071314811706543,44.39638900756836
2022-11-15,147.81007385253906,11.260299682617188,47.299686431884766
2022-11-16,146.5786590576172,10.94532585144043,47.639739990234375
2022-11-17,148.47998046875,10.953200340270996,47.47933578491211
2022-11-18,149.04151916503906,11.016195297241211,48.19473648071289
2022-11-21,145.81027221679688,10.984696388244629,48.48987579345703
2022-11-22,147.94802856445312,11.079187393188477,48.66310501098633
2022-11-23,148.82476806640625,11.047691345214844,48.89730453491211
2022-11-25,145.90875244140625,11.087063789367676,49.1058235168457
2022-11-28,142.07662963867188,10.811461448669434,49.246986389160156
2022-11-29,139.07191467285156,10.827210426330566,49.07374572753906
2022-11-30,145.8299560546875,10.94532585144043,48.89730453491211
2022-12-01,146.10581970214844,11.087063789367676,49.202064514160156
2022-12-02,145.6132354736328,10.913827896118164,49.15394973754883
2022-12-05,144.4507598876953,10.535860061645508,48.6502799987793
2022-12-06,140.78607177734375,10.457118034362793,48.08565902709961
2022-12-07,138.84536743164062,10.31537914276123,47.8354377746582
2022-12-08,140.52992248535156,10.331127166748047,47.90949630737305
2022-12-09,140.04721069335938,10.378374099731445,46.79209899902344
2022-12-12,142.3425750732422,10.598855018615723,47.66476058959961
2022-12-13,143.3080291748047,10.68547248840332,47.49409484863281
2022-12-14,141.0815887451172,10.614603042602539,47.230045318603516
2022-12-15,134.47134399414062,10.260259628295898,46.808204650878906
2022-12-16,132.51087951660156,9.543694496154785,45.967742919921875
2022-12-19,130.40269470214844,9.205097198486328,45.98383712768555
2022-12-20,130.33377075195312,9.031861305236816,46.38636016845703
2022-12-21,133.43695068359375,9.27596664428711,46.75023651123047
2022-12-22,130.26478576660156,8.90587329864502,46.20281982421875
2022-12-23,129.90028381347656,8.945243835449219,46.296199798583984
2022-12-27,128.09750366210938,8.819255828857422,46.309078216552734
2022-12-28,124.16678619384766,8.622395515441895,45.49760055541992
2022-12-29,127.68374633789062,9.086981773376465,45.7745361328125
2022-12-30,127.99897766113281,9.157852172851562,45.65860366821289
2023-01-03,123.2112045288086,9.197223663330078,46.24146270751953
2023-01-04,124.48204040527344,9.457076072692871,46.2929801940918
2023-01-05,123.16194915771484,9.6460599899292,46.135189056396484
2023-01-06,127.69358825683594,9.905914306640625,47.26546859741211
2023-01-09,128.21571350097656,9.992530822753906,46.676185607910156
2023-01-10,128.78707885742188,10.110647201538086,46.64719772338867
2023-01-11,131.506103515625,10.409873008728027,47.056156158447266
2023-01-12,131.42726135253906,10.57523250579834,46.63109588623047
2023-01-13,132.75718688964844,10.016155242919922,46.78565979003906
2023-01-17,133.91964721679688,9.97678279876709,46.502281188964844
2023-01-18,133.20050048828125,9.772048950195312,45.352691650390625
2023-01-19,133.25961303710938,9.59093952178955,44.705448150634766
2023-01-20,135.8209686279297,9.764175415039062,45.2560920715332
2023-01-23,139.0128173828125,10.07914924621582,45.93231201171875
2023-01-24,140.41171264648438,10.031902313232422,46.054683685302734
2023-01-25,139.7516632080078,10.071274757385254,45.83572006225586
2023-01-26,141.82044982910156,10.173641204833984,45.793853759765625
2023-01-27,143.7611541748047,10.449244499206543,46.14484786987305
2023-01-30,140.8747100830078,10.150017738342285,45.7745361328125
2023-01-31,142.1455535888672,10.638227462768555,46.32840347290039
2023-02-01,143.2686309814453,10.858707427978516,46.58600997924805
2023-02-02,148.57852172851562,11.276045799255371,46.247894287109375
2023-02-03,152.2038116455078,10.417745590209961,45.632843017578125
2023-02-06,149.4749755859375,10.346875190734863,45.301177978515625
2023-02-07,152.3515625,10.590982437133789,45.397769927978516
2023-02-08,149.66217041015625,10.567358016967773,45.15304183959961
2023-02-09,148.6277618408203,10.622478485107422,45.571659088134766
2023-02-10,148.99281311035156,10.655961990356445,46.280094146728516
2023-02-13,151.79489135742188,10.957308769226074,46.98530960083008
2023-02-14,151.153564453125,10.85685920715332,46.85006332397461
2023-02-15,153.25511169433594,10.823375701904297,47.197837829589844
2023-02-16,151.65676879882812,10.806632995605469,46.457210540771484
2023-02-17,150.5122528076172,10.789892196655273,47.155982971191406
2023-02-21,146.49661254882812,10.212309837341309,47.442569732666016
2023-02-22,146.92088317871094,10.220681190490723,46.447547912597656
2023-02-23,147.40432739257812,10.103490829467773,45.75521469116211
2023-02-24,144.75030517578125,9.944449424743652,45.87758255004883
2023-02-27,145.944091796875,10.095121383666992,45.54590606689453
2023-02-28,145.44091796875,10.103490829467773,45.76809310913086
2023-03-01,143.3689422607422,10.312760353088379,45.13050079345703
2023-03-02,143.96096801757812,10.505288124084473,45.243202209472656
2023-03-03,149.01255798339844,10.948935508728027,45.297950744628906
2023-03-06,151.775146484375,10.865229606628418,45.291507720947266
2023-03-07,149.574951171875,10.739668846130371,44.8406867980957
2023-03-08,150.8280029296875,10.865229606628418,44.470367431640625
2023-03-09,148.5784454345703,10.421578407287598,44.170894622802734
2023-03-10,146.516357421875,10.128604888916016,44.10649490356445
2023-03-13,148.46006774902344,10.07000732421875,44.23530197143555
2023-03-14,150.5517120361328,9.986299514770508,44.470367431640625
2023-03-15,150.94638061523438,9.802145004272461,44.966270446777344
2023-03-16,153.76817321777344,9.894222259521484,44.71084213256836
2023-03-17,152.9295654296875,9.458944320678711,45.072975158691406
2023-03-20,155.2974853515625,9.358492851257324,45.5579833984375
2023-03-21,157.15234375,9.810515403747559,45.40277862548828
2023-03-22,155.72174072265625,9.609617233276367,45.11177444458008
2023-03-23,156.80703735351562,9.559391975402832,45.47713851928711
2023-03-24,158.109375,9.634730339050293,45.84897232055664
2023-03-27,156.16571044921875,9.643101692199707,46.61528778076172
2023-03-28,155.54412841796875,9.710067749023438,46.4342155456543
2023-03-29,158.62246704101562,10.086750984191895,46.63468551635742
2023-03-30,160.19122314453125,10.28764820098877,47.100284576416016
2023-03-31,162.69729614257812,10.547141075134277,47.67582321166992
2023-04-03,163.9503173828125,10.614107131958008,48.076759338378906
2023-04-04,163.4175567626953,10.647589683532715,47.60469436645508
2023-04-05,161.57252502441406,10.404838562011719,48.39363098144531
2023-04-06,162.46047973632812,10.321130752563477,48.758995056152344
2023-04-10,159.86563110351562,10.647589683532715,48.665225982666016
2023-04-11,158.65203857421875,10.773150444030762,48.5229606628418
2023-04-12,157.96141052246094,10.605735778808594,48.286922454833984
2023-04-13,163.3484649658203,10.429950714111328,48.335426330566406
2023-04-14,163.00315856933594,10.480175971984863,48.00885772705078
2023-04-17,163.0228729248047,10.614107131958008,48.345130920410156
2023-04-18,164.24630737304688,10.655961990356445,48.45183563232422
2023-04-19,165.39083862304688,10.229052543640137,48.503562927246094
2023-04-20,164.42391967773438,9.936077117919922,48.81396484375
2023-04-21,162.81568908691406,9.885851860046387,49.0597038269043
2023-04-24,163.1215362548828,10.178826332092285,49.39273452758789
2023-04-25,161.5823974609375,9.975421905517578,49.007965087890625
2023-04-26,161.57252502441406,9.780488014221191,48.79456329345703
2023-04-27,166.16041564941406,9.839816093444824,48.946533203125
2023-04-28,167.41342163085938,10.068648338317871,48.81396484375
2023-05-01,167.32464599609375,10.221205711364746,49.014434814453125
2023-05-02,166.28866577148438,10.000847816467285,48.881866455078125
2023-05-03,165.2132110595703,9.992371559143066,48.700801849365234
2023-05-04,163.5753936767578,9.797441482543945,48.83711242675781
2023-05-05,171.25146484375,10.161877632141113,49.25904846191406
2023-05-08,171.18240356445312,10.187304496765137,49.567386627197266
2023-05-09,169.47552490234375,10.051698684692383,49.651763916015625
2023-05-10,171.24159240722656,10.077125549316406,49.512203216552734
2023-05-11,171.4290771484375,10.060173034667969,49.697208404541016
2023-05-12,170.5003204345703,9.890666961669922,49.68098068237305
2023-05-15,170.00633239746094,9.865243911743164,49.29475021362305
2023-05-16,170.00633239746094,9.534707069396973,48.6131706237793
2023-05-17,170.61892700195312,9.746587753295898,48.53202438354492
2023-05-18,172.9506072998047,9.865243911743164,49.16168212890625
2023-05-19,173.05926513671875,9.87371826171875,48.65536117553711
2023-05-22,172.11077880859375,9.856767654418945,48.226932525634766
2023-05-23,169.50245666503906,9.941518783569336,48.13606262207031
2023-05-24,169.77906799316406,9.602507591247559,47.91535568237305
2023-05-25,170.91531372070312,9.644886016845703,47.43824005126953
2023-05-26,173.32603454589844,10.246630668640137,47.52263259887695
2023-05-30,175.17359924316406,10.670394897460938,47.405792236328125
2023-05-31,175.1242218017578,10.170352935791016,47.66868209838867
2023-06-01,177.9301300048828,10.263582229614258,47.84394454956055
2023-06-02,178.77981567382812,10.50088882446289,48.30158233642578
2023-06-05,177.42626953125,10.670394897460938,48.61966323852539
2023-06-06,177.06069946289062,10.958556175231934,48.6131706237793
2023-06-07,175.6873779296875,11.517926216125488,48.684566497802734
2023-06-08,178.40440368652344,11.509450912475586,49.38887023925781
2023-06-09,178.78973388671875,11.645054817199707,49.68747329711914
2023-06-12,181.5857391357422,11.678955078125,50.01528549194336
2023-06-13,181.1115264892578,11.975591659545898,50.40475845336914
2023-06-14,181.7438507080078,12.034917831420898,50.91432571411133
2023-06-15,183.77914428710938,12.246800422668457,51.193450927734375
2023-06-16,182.70220947265625,12.221373558044434,50.47941207885742
2023-06-20,182.7911376953125,12.051868438720703,50.034751892089844
2023-06-21,181.75375366210938,11.882362365722656,50.13212585449219
2023-06-22,184.75726318359375,12.026440620422363,50.55081558227539
2023-06-23,184.44110107421875,11.882362365722656,50.45668411254883
2023-06-26,183.0480194091797,11.958639144897461,50.32361602783203
2023-06-27,185.8045654296875,12.212898254394531,50.14186096191406
2023-06-28,186.9803009033203,12.534960746765137,50.41450500488281
2023-06-29,187.31622314453125,12.670564651489258,50.07369613647461
2023-06-30,191.6436767578125,12.823119163513184,51.01493835449219
2023-07-03,190.1517791748047,12.916348457336426,51.34599304199219
2023-07-05,189.0353546142578,13.009576797485352,51.3167839050293
2023-07-06,189.5095977783203,12.695989608764648,50.99221420288086
2023-07-07,188.3931121826172,12.695989608764648,49.81730270385742
2023-07-10,186.34796142578125,12.77226734161377,50.2684440612793
2023-07-11,185.82432556152344,12.907872200012207,50.19379425048828
2023-07-12,187.4940643310547,12.899398803710938,50.32036590576172
2023-07-13,188.2548065185547,12.873970031738281,50.025020599365234
2023-07-14,188.4030303955078,12.695989608764648,50.19703674316406
2023-07-17,191.6634521484375,11.941689491271973,50.25870895385742
2023-07-18,191.4065399169922,12.009491920471191,50.16782760620117
2023-07-19,192.7601318359375,11.950164794921875,50.184059143066406
2023-07-20,190.8137664794922,11.890835762023926,51.1123046875
2023-07-21,189.6380157470703,11.806084632873535,51.40117263793945
2023-07-24,190.43833923339844,11.960301399230957,51.703006744384766
2023-07-25,191.29788208007812,11.634734153747559,51.660823822021484
2023-07-26,192.16734313964844,11.711841583251953,51.8458137512207
2023-07-27,190.90269470214844,11.763246536254883,51.65757369995117
2023-07-28,193.48138427734375,11.360572814941406,51.900997161865234
2023-07-31,194.0939178466797,11.317733764648438,51.884765625
2023-08-01,193.2640380859375,11.497652053833008,51.641353607177734
2023-08-02,190.27035522460938,11.172085762023926,51.67704772949219
2023-08-03,188.87722778320312,11.223490715026855,51.69002914428711
2023-08-04,179.807373046875,11.043573379516602,51.39142990112305
2023-08-07,176.70504760742188,11.086408615112305,52.08924102783203
2023-08-08,177.64366149902344,11.035005569458008,52.141178131103516
2023-08-09,176.0529327392578,10.906492233276367,52.22555923461914
2023-08-10,175.83558654785156,10.41814136505127,52.19950485229492
2023-08-11,175.8949432373047,10.401006698608398,52.505680084228516
2023-08-14,177.54714965820312,10.452411651611328,52.11481857299805
2023-08-15,175.55856323242188,10.26392650604248,51.84772872924805
2023-08-16,174.6879425048828,10.118278503417969,51.873783111572266
2023-08-17,172.1453399658203,10.135412216186523,50.710975646972656
2023-08-18,172.630126953125,10.246789932250977,51.440582275390625
2023-08-21,173.96571350097656,10.255358695983887,51.30378341674805
2023-08-22,175.3408966064453,10.169682502746582,51.14092254638672
2023-08-23,179.18943786621094,10.246789932250977,51.49595642089844
2023-08-24,174.49996948242188,10.066872596740723,51.101837158203125
2023-08-25,176.70620727539062,10.20395278930664,51.404747009277344
2023-08-28,178.2693634033203,10.195384979248047,51.69789505004883
2023-08-29,182.15745544433594,10.323898315429688,52.131099700927734
2023-08-30,185.64984130859375,10.3067626953125,52.505680084228516
2023-08-31,185.86749267578125,10.392437934875488,52.96493911743164
2023-09-01,187.44056701660156,10.401006698608398,52.626197814941406
2023-09-05,187.67799377441406,10.35816764831543,52.20276641845703
2023-09-06,180.9603729248047,10.341033935546875,52.593624114990234
2023-09-07,175.66737365722656,10.246789932250977,53.245059967041016
2023-09-08,176.28077697753906,10.538086891174316,53.342777252197266
2023-09-11,177.4481964111328,10.469547271728516,53.5284309387207
2023-09-12,174.42083740234375,10.666600227355957,53.58706283569336
2023-09-13,172.35311889648438,10.829383850097656,53.6000862121582
2023-09-14,173.8667755126953,10.812250137329102,53.82483673095703
2023-09-15,173.14456176757812,10.803680419921875,53.62614822387695
2023-09-18,176.07302856445312,10.572358131408691,53.228763580322266
2023-09-19,177.1613311767578,10.760844230651855,53.21574401855469
2023-09-20,173.61944580078125,10.589492797851562,53.38836669921875
2023-09-21,172.07608032226562,10.452411651611328,52.740203857421875
2023-09-22,172.92691040039062,10.649466514587402,52.880252838134766
2023-09-25,174.2031707763672,10.77797794342041,53.114768981933594
2023-09-26,170.12710571289062,10.649466514587402,52.92911148071289
2023-09-27,168.61337280273438,10.615196228027344,52.675048828125
2023-09-28,168.87063598632812,10.760844230651855,52.942142486572266
2023-09-29,169.38507080078125,10.640897750854492,52.09201431274414
2023-10-02,171.8979949951172,10.54665470123291,52.14738845825195
2023-10-03,170.56239318847656,10.341033935546875,51.818416595458984
2023-10-04,171.80897521972656,10.272493362426758,52.44053649902344
2023-10-05,173.045654296875,10.195384979248047,51.815155029296875
2023-10-06,175.59812927246094,10.281061172485352,50.94548416137695
2023-10-09,177.08213806152344,10.341033935546875,50.75983428955078
2023-10-10,176.48855590820312,10.452411651611328,51.33309555053711
2023-10-11,177.88352966308594,10.495248794555664,51.53829574584961
2023-10-12,178.78382873535156,10.281061172485352,51.77281951904297
2023-10-13,176.94366455078125,10.118278503417969,52.059452056884766
2023-10-16,176.8150177001953,10.221088409423828,52.508934020996094
2023-10-17,175.26173400878906,10.315330505371094,52.577335357666016
2023-10-18,173.96571350097656,10.066872596740723,52.616424560546875
2023-10-19,173.58978271484375,9.878384590148926,52.365623474121094
2023-10-20,171.0372772216797,9.972628593444824,51.7109260559082
2023-10-23,171.15599060058594,9.83554744720459,52.44379425048828
2023-10-24,171.59130859375,9.758440017700195,53.173404693603516
2023-10-25,169.27627563476562,9.886953353881836,53.01380157470703
2023-10-26,165.1111297607422,9.724169731140137,52.69133758544922
2023-10-27,166.42694091796875,8.533280372619629,52.495906829833984
2023-10-30,168.474853515625,8.37049674987793,53.09848403930664
2023-10-31,168.94976806640625,8.483612060546875,53.22551345825195
2023-11-01,172.1156463623047,8.622830390930176,53.7010612487793
2023-11-02,175.67727661132812,8.822957038879395,53.91277313232422
2023-11-03,174.76708984375,9.188404083251953,53.63266372680664
2023-11-06,177.319580078125,8.970876693725586,53.704315185546875
2023-11-07,179.88198852539062,8.849058151245117,53.95512008666992
2023-11-08,180.94058227539062,8.744647979736328,53.51539993286133
2023-11-09,180.46566772460938,8.440106391906738,53.391632080078125
2023-11-10,184.65609741210938,8.579322814941406,54.131011962890625
2023-11-13,183.0710906982422,8.544519424438477,54.61632537841797
2023-11-14,185.6864013671875,9.049185752868652,54.60655212402344
2023-11-15,186.25106811523438,9.110095024108887,55.30033493041992
2023-11-16,187.9351348876953,8.840357780456543,50.82497787475586
2023-11-17,187.91534423828125,8.936070442199707,50.60022735595703
2023-11-20,189.65887451171875,8.996979713439941,50.58394241333008
2023-11-21,188.8564453125,8.866461753845215,50.7663459777832
2023-11-22,189.52017211914062,8.927369117736816,50.378746032714844
2023-11-24,188.19273376464844,9.049185752868652,50.83149337768555
2023-11-27,188.01437377929688,8.996979713439941,51.06275177001953
2023-11-28,188.61868286132812,9.02308177947998,51.67184066772461
2023-11-29,187.5983428955078,9.214509010314941,50.838008880615234
2023-11-30,188.1728973388672,8.927369117736816,50.710975646972656
2023-12-01,189.45083618164062,9.205806732177734,50.27125549316406
2023-12-04,187.6577606201172,9.310219764709473,50.25823211669922
2023-12-05,191.61044311523438,9.2232084274292,50.72400665283203
2023-12-06,190.52073669433594,9.301518440246582,50.17354202270508
2023-12-07,192.45248413085938,9.414633750915527,49.84334182739258
2023-12-08,193.8790283203125,9.579954147338867,49.32025909423828
2023-12-11,191.37271118164062,9.632162094116211,49.444496154785156
2023-12-12,192.8883819580078,9.710472106933594,49.48372268676758
2023-12-13,196.10800170898438,9.780082702636719,50.3631591796875
2023-12-14,196.25656127929688,10.510978698730469,49.74853515625
2023-12-15,195.72161865234375,10.458770751953125,49.93488693237305
2023-12-18,194.05735778808594,10.380461692810059,50.6639289855957
2023-12-19,195.09750366210938,10.458770751953125,50.84701156616211
2023-12-20,193.0072784423828,10.267345428466797,50.25200653076172
2023-12-21,192.858642578125,10.737205505371094,50.60834884643555
2023-12-22,191.78875732421875,10.745908737182617,51.213172912597656
2023-12-26,191.24391174316406,10.83292007446289,51.13470458984375
2023-12-27,191.3429718017578,10.780713081359863,51.61528396606445
2023-12-28,191.76895141601562,10.737205505371094,51.51394271850586
2023-12-29,190.72877502441406,10.606688499450684,51.54009246826172
